Sentence,Label
"안녕하세요, 반갑습니다. 폰트 커피 양태은입니다.
",0
"이번에 제가 알려드릴 레시피는 아이스 브루윙, 커피 레시피입니다.
",0
"저희 브루윙 레시피의 중요한 점은 상대적으로 굵은 물줄기를 사용하시는 것과 추출 시간에 약 50% 이내로 푸어를 끝내는 것입니다.
",0
"조금 더 쉽게 말씀드리면 저희 커피는 대개 추출이 3분 전으로 종료되는데, 이때 푸어를 마지막으로 1분 30초에서 40초 정도에 끝내주시면 됩니다.
",0
"그럼 커피를 내리면서 자세히 설명해 드리겠습니다.
",0
"제가 오늘 사용할 원두는 콜롬비아 톨리마 지역에 위치한 라팔마 농장의 게이샵 워시드입니다.
",0
"원두는 20g을 담겠습니다. 분쇄도는 EK 43 기준 9 를 사용하고, 코만 단테는 24클릭을 사용합니다.
",1
"저희는 820 정도의 마이크롬 분쇄도를 사용하고 있습니다.
",0
"드리퍼는 칼리타 웨이브 드리퍼를 사용하고, 흰색 웨이브 필터를 함께 사용합니다.
",1
"드리포트는 펠로 900 미리, 추칠 수 온도는 94도입니다. 그럼 필터 린싱을 먼저 하겠습니다.
",1
"필터를 린싱하실 때에는 웨이브 필터 옆면이 무너지지 않도록 정중앙에 물을 먼저 부우신 다음 옆면을 린싱해 주시면 됩니다.
",0
"인싱이 끝난 후에는 드리퍼를 꼭 뒤집어서 물을 다 빼주셔야 합니다.
",0
"저희는 아이스커피를 추출할 때 얼음을 먼저 넣고 추출하고 있는데요. 저희는 얼음을 6개 정도 담겠습니다.
",1
"그런데 집에서 드시는 얼음이 녹는 정도가 다를 수 있으니 서버에 4분의 1 정도 채우시고.
",0
"추출을 하신 다음 취향에 따라서 추출 후에 얼음에 희석해 드시면 됩니다. 그럼 원두 분쇄 후 추출 후 시작하겠습니다.
",0
"첫 번째는 뜸들이기입니다. 10초 이내로 33g까지 푸어해 주시면 됩니다.
",1
"가운데에서 시작해서 바깥쪽으로 커피를 충분히 적셔주시면 됩니다.
",1
"33초가 되면 1차를 130g까지 푸어하겠습니다.
",1
"마찬가지로 가운데에서 시작해서 바깥쪽으로 나갔다가 다시 가운데로 돌아오시면 됩니다.
",1
"드리퍼의 물이 70% 정도 빠졌을 때쯤 2차를 200g까지 푸어해 주시면 됩니다.
",1
"1차와 다르게 2차와 3차는 조금 더 굵고 선글게 푸어해 주세요. 그래야 충분히 교반이 잘 될 수 있습.
",1
"감합니다. 마지막으로 3차를 280g까지 푸어하겠습니다.
",1
"저희 커피는 섬세하게 푸어해 주셨을 때보다 시원시원하게 푸어해 주셨을 때 저희 커피가 나타내고자 하는 특징을 조금 더 잘 느끼실 수 있습니다.
",0
"좋은 품질의 커피를 편안하고 조금 더 균형감 있게 드실 수 있도록 일 레스피를 만들었습니다.
",0
"그리고 제가 푸어를 끝내는 시간에 대해 언급해 드린 이유는?
",0
"푸어를 끝내는 시간이 커피의 맛과 추출에 영향을 미치기 때문입니다.
",0
"푸어를 조금 일찍 끝내신 경우에는 커피가 다소 밑밋밋할 수 있고, 푸어를 상대적으로 늦게 끝내신 경우에는 커피에서 불필요한 맛까지 추출될 수 있습니다.
",0
"추출이 완료되어서 컵의 얼음을 담고 실험해 보겠습니다. 저희는 아이스 잔에 얼음을 5개 정도 담겠습니다.
",0
"아이스 브루인.
",0
"커피의 경우 추출이 완료된 다음 추출물이 잘 섞일 수 있도록 파스푼을 한 번 정도 저어주신 다음에 구어주시면 되겠습니다.
",0
"그럼 커피를 시음해 보겠습니다.
",0
"이 커피는 레몬과 청사가 같은 상큼한 산미로 시작해서 뒤에는 캔디 같은 달콤함이 느껴집니다.
",0
"끝으로 진자회일과 같은 향신료의 풍미가 시원하게 느껴져서 커피가 더욱 다채롭게 다가오는 것 같습니다.
",0
"여름에 어울릴 만한 아이스로 드시기 좋은 밝고 청량한 커피입니다.
",0
"제가 알려드린 레시피로 집에서 꼭 내려드셔 보시고 여러분만의 레시피도 만들어 보시길 바랍니다. 감사합니다.
",0
"안녕하세요, 파스텔 커피웍스, 바리스타 정혜원입니다.
",0
"이번 영상에서는 파스텔 커피웍스가 투과식으로 따뜻한 브루잉을 어떻게 내리는지 소개해 드리려고 합니다.
",0
"저희 매장에서는 하리오 스위치 드리퍼를 사용해서 보통 침지식으로 커피를 추출을 하고 있지만, 처음부터 스위치를 내려서 사용하시게 되면은 투과식으로도 커피를 추출해 내실 수 있어요.
",0
"보통 사용하시는 드리퍼가 하리오의 V60이시거나 아니면 나눠서 투과식으로 커피를 추출하시는 분들에게는 이 방법을 권장해 드립니다.
",0
"그래서 오늘 함께 추출해 볼 커피는 저희 언스페셜티 블렌드 프르티 버전 투입니다.
",1
"추출해 사용할 원도의 양은 총 19g입니다. 군세도는 eK 43, S 기준으로 11입니다.
",1
"분쇄한 커피를 담기 전에는 꼭 드리퍼와 서버를 결합을 해주시고, 종이 필터를 넣은 채 린싱을 진행해 주세요.
",0
"종이 필터 린싱을 해주시게 되시면 종이 필터 냄새를 제거할 수도 있고.
",0
"또 저희가 목적으로 하고 있는 이 92도의 온도가 내려가지 않도록 방지하는 효과를 줄 수 있습니다.
",0
"이 커피 성분이 필터에 협착되는 것을 방지할 수 있어요.
",0
"충분히 린싱이 되었으면 물을 버리고 다시 드리퍼와 서버를 결합을 해주시고요.
",0
"이번에는 투과식으로 진행할 거기 때문에 스위치가 내려져 있는지 꼭 확인을 해주세요.
",0
"그리고 분쇄한 커피 18g을 담도록 하겠습니다. 커피 표면을 드리퍼를 살짝 흔들어서 평평하게 해주시고요.
",0
"이때 너무 드리퍼를 세게 흔드는 것보다는 가볍게 2, 3회 정도 흔들어서 평평하게 만들어 주시는 것을 추천해 드립니다.
",0
"저울 영점을 잡으시고요. 92 도의 추출수를 준비를 해주세요.
",1
"뜸은 30g의 물을 가지고 30초 동안 드리도록 하겠습니다.
",1
"그리고 1차 푸어는 30초가 지나면 100g의 물을 추가적으로 부어주도록 하겠습니다.
",1
"30초가 지나고 1분이 되었을 때 다시 100g의 물을 추가적으로 부어주도록 하겠습니다.
",1
"1분 30초가 되면은 마지막으로 50g을 부어줄 텐데요. 이때는 가운데에서 물을 부어주시면 되겠습니다.
",1
"그래서 280g이 될 때까지 가운데에서 센터 푸어로 진행해 주시면 됩니다. 추출은 2분, 30초에서 3분 내로 종료가 됩니다.
",1
"만약에 3분을 너무 훌쩍 넘는 시간이 걸렸다면은 분쇄도를 조금 굵게 가져가시는 것을 추천드립니다.
",0
"이제 드리퍼를 서버에서 제거하고 한번 저어주세요. 그리고 미리 예열한 잔 내에 담아서 드시면 됩니다.
",0
"오늘 추출한 프르티 버전 2 를 마셔보도록 하겠습니다. 후르티 버전 2 에서는요.
",0
"감귤의 산미가 잘 느껴지고 복숭아의 뉘앙스도 잘 느끼실 수 있어요.
",0
"그리고 부드러운 바닐라의 향미와 함께 밀크 초콜릿의 단맛이 잘 받춰주고 있습니다.
",0
"오늘 영상 시청해 주셔서 감사합니다.
",0
"안녕하세요, 파스텔 커피워스의 바리스타 정혜원입니다.
",0
"오늘은 파스텔 커피워스의 따뜻한 브르익 레스트를 소개해 드리려고 하는데요.
",0
"저희 매장에서는 하리오 스위치 드리퍼를 사용해서 커피를 추출을 하고 있어요.
",1
"하리오 스위치 드리퍼 내부에는 이 세 구슬이 있어서 스위치를 올리셨을 때는 침지식으로 커피를 추출하실 수 있고.
",0
"처음부터 스위치를 내려서 추출을 진행하시면 투가식으로도 커피를 추출할 수 있다는 장점을 가진 드리퍼입니다.
",0
"오늘은 침지식으로 바테말라엘 소코로, 파카마라 워시드 커피를 따뜻하게 내려보도록 하겠습니다.
",0
"오늘 사용할 원두는 16.5g이고요, 분쇄도는 2, K 43, S 기준으로 11.17입니다.
",1
"문쇄한 커피를 담기 전에는 꼭 종이 필터를 린싱을 해주셔야 되는데요.
",1
"필터를 잘 잡어서 커피 드리퍼에 담고 물을 충분히 부어서 린싱을 해주세요.
",0
"이렇게 린싱을 하는 이유는 총 세 가지가 있습니다.
",0
"종이 필터의 냄새를 제거할 수도 있고, 또 이 드리퍼와의 열 교환을 통해서.
",0
"추출수 온도를 92도로 사용하는데, 이 92도의 온도를 떨어지지 않도록 유지하고, 이 커피 성분이 필터에 흡착되는 것을 방지할 수 있어요.
",0
"그래서 충분히 린싱을 해주시는 것을 추천드립니다.
",0
"린싱이 끝났으면 서버와 드리퍼를 다시 결합해 주시고 꼭 이 스위치를 올리셔서 확인해 주셔야 해요.
",0
"그리고 분쇄한 커피를 16.5g 담겠습니다.
",1
"분쇄한 커피를 담으신 다음에는 이 드리퍼에 담긴 커피의 표면이 평평한지 꼭 확인을 해주세요.
",0
"이때 너무 과도하게 흔드는 것보다는 두세 번 가볍게 흔들어서 평평하게 만드는 것을 추천드립니다.
",0
"92도에 물이 준비가 되어 있는지 확인을 꼭 하시고요. 서울의 영점과 타이머 영점이 꼭 맞춰져 있는지 확인을 해주세요.
",1
"그리고 다시 한번 말씀드리지만 침지식으로 커피를 추출할 거기 때문에 하리오 스위치 드리퍼의 스위치가 올라가져 있는지 꼭 확인을 해주세요.
",1
"92도의 물을 210g으로 원포어로 진행하겠습니다.
",1
"파이머를 누르시고 저희는 물줄기 속도를 너무 얇게 가져가시거나 너무 굵게 가져가시는 것을 추천드리지 않고 있어요.
",0
"친지식으로 커피를 우리다 보니까 추출에 필요한 시간을 충분히 확보를 해주셔야 되거든요.
",0
"그래서 20초를 넘지 않으시는 것을 권장 드리고 있습니다. 1분 40초가 되면 이 나무 막대를 가지고 스처를 줄 건데요.
",1
"이 스터를 주실 때.
",0
"너무 빨리 휘저으시거나, 아니면 드리퍼 외벽면을 긁게 되시면 불쾌함, 텁텁함.
",0
"그리고 쓴맛이 같이 추출될 수 있으니 적절한 속도감을 주셔서 스터를 해주셔야 됩니다.
",0
"저희 매장에서는 바리스타들이 1초에 한 번 정도 스터를 주는 것으로 기준을 삼고 있어요, 이제 1분 40초가 되었으니 스터를 주겠습니다.
",1
"스터를 주실 때는 스위치를 내리면서 주시는 것을 꼭 잊지 말아주세요.
",1
"추출은 보통 2분 30초에서 3분 내로 완료가 됩니다.
",1
"만약에 3분을 너무 훌쩍 넘어서 추출이 완료가 된다면 분쇄들을 조금 굵게 가져가 보시는 것을 추천드려요.
",0
"물이 다 빠지면 드리퍼를 서버에서 제거하고 한번 저어주세요. 그리고 미리 예열한 잔에 담으시면 출은 완료됩니다.
",0
"오늘 추출한 커피를 마셔보겠습니다.
",0
"오늘 추출한 과테말라 엘스코로 파카마라 워시드 커피는 유귀농, 설탕 같은 단맛이 아주 잘 느껴지고요.
",0
"구운 국물에 씁쓸하고 고소한 호미가 아주 잘 이어지고 있네요. 영상 시청해 주셔서 감사합니다.
",0
"안녕하세요, 커피몽타주에서 로스팅하고 있는 이연석입니다.
",0
"이번 영상에서는 커피몽타주 매장과 동일한 커피몽타주의 브루잉 레시피를 소개합니다.
",0
"커피몽타주에서는 하리오 V60 플라스틱 소재의 드리퍼를 사용하고 있습니다.
",1
"플라스틱 소재의 드리퍼는 열 전도율이 낮아서 드리퍼를 데우는 등의 이런 번거로움이 좀 적고 사인용 드리퍼를 사용하고 있는데.
",0
"사인용 드리퍼의 큰 크기는 물 주입을 한 번에 많이 할 때, 그런 레시피를 사용할 때 용의점이 있습니다.
",0
"그리고 드립 필터는 저희는 케멕스 필터를 사용하고 있습니다.
",1
"케멕스 필터는 다른 필터에 비해 조금 두꺼운 편인데, 이 두꺼운 필터는 물 주입을 했을 때.
",0
"커피와 추출 수에 접촉시간을 늘려서 커피 추출을 좀 더 용이하게 만들어줍니다.
",0
"유속이 빠른 하리오 V50 드리퍼와 좋은 조합이라고 생각해서 선택하게 되었습니다.
",0
"커피는 한 잔의 16g을 사용하고 있습니다.
",1
"16g의 원두 용량은 1인용에 적합한 용량이라고 생각하여서 16g을 사용하고 있습니다.
",0
"커피몽타주의 브루잉 레시피는 심플하면서도 누구나 따라 하기 쉽고 일관성 있는 추출 결과를 목표로 설계하였습니다.
",0
"로스팅 포인트에 따라서 분쇄도나 온도를 조절하여 총 추출 시간 2분에서 2분 30초를 목표로 분쇄도 조절을 통해서 추출 시간을 조절하시면 되겠습니다.
",0
"그러면 추출 시작하겠습니다. 소개할 커피는 여름의 맛 블렌딩입니다.
",0
"여름의 맛 블렌딩은 커피몽타주의 시즌 블렌딩인데, 이번에 언스페셜티와 함께 새롭게 구성하여 소개하게 되었습니다.
",0
"에티오피아와 콜롬비아를 블렌딩하여 따뜻한 나라에서 즐기는 열대 과일의 느낌을 가득 담았습니다.
",0
"로스팅 포인트는 미디움 라이트 포인트입니다. 네, 추출을 시작하겠습니다.
",0
"앞서 설명드린 대로 케믹스 필터를 사용하게 되는데, 종이 향이 날 수 있으니 린싱을 충분히 해주시고 사용하시면 됩니다.
",1
"미디움 라이팅 로스팅에서는 분쇄도 900 마이크론을 추천드립니다.
",0
"16g의 커피를 사용하였고, 뜸은 40g의 물로 30초 동안 주겠습니다. 진행하겠습니다.
",1
"30초 뜸 들인 후 1차 물 주입을 120g 진행하겠습니다.
",1
"1차 물주입 후 물이 거의 빠진 뒤에 3, 2차 물주입을 진행하게 되는데, 2차 물주입은 90g 진행하겠습니다.
",1
"앞서 말씀드린 대로 총 추출 시간은 2분에서 2분 30초를 목표로 합니다.
",1
"미디움 라이팅 로스팅의 핫 브루잉 같은 경우에는 16g의 커피를 사용하여 총 추출 수 250g을 사용합니다.
",0
"추출 비율이 약 1대 15입니다. 그리고 물 온도는 93도의 물 온도를 사용하였습니다.
",0
"지금 추출하고 있는 여름의 맛 커피를 다크 로스팅으로도 소개하고 있습니다.
",0
"다크로스팅 여름의 맛의 경우에는 물 온도를 88 도로 낮춰주시고, 총 추출 수를 200g 넣어줍니다.
",0
"1대 12.5 의 추출 비율입니다.
",0
"뜸은 동일하게 40g으로 30조 동안 진행한 후에 1차 물주입의 90g, 2차 물주입의 70g을 진행합니다.
",0
"총 200g의 추출수를 부어주시고, 추출이 끝난 후에 50g 정도를 취향에 따라서 바이패스하여 즐기시면 되겠습니다.
",0
"무더운 여름에 열대가일 느낌에 상큼한 여름에 마 커피를 맛있게 즐겨주시면 감사하겠습니다.
",0
"안녕하세요, 더버 멜리, 바스타 김환입니다. 이번에 소개해드릴 영상은 아이스 레시피구요.
",0
"이번에 사용할 원두는 에티오피아 봄배 네추럴입니다.
",0
"도직량은 저희가 17g에서 18g 잡고 있고, 추출 비율은 1대 11 정도에 비율로.
",1
"한 레시피와 동일하게 코만 단테 그다음에 EK 사 3 전부 다 동일하게 저희가 추출할 수 있도록 고정된 값으로 분쇄하겠습니다.
",0
"서 버이는 얼음 두세 알 중량으로 따주면 한 60g 정도로 저희가 타기팅을 하고 있는데, 중량이 살짝 오바돼도 괜찮으니까 넣어주시면 됩니다.
",0
"따뜻한 레시피와 똑같이 튼들리기는 40g의 30초 동일하게 진행하겠습니다.
",1
"30조 가 되면 130g까지 포화해 주겠습니다. 1분 10초가 되면 200g까지 포해 주겠습니다.
",1
"아이스 레시티 같은 경우에는 저희가 2분 30초 전으로 타게팅에서 추출하고 있으며.
",1
"서버에 얼음이 다 녹을 때까지 스월링을 한번 해주신 뒤에 아이스컵에 얼음 채워주신 후에 드셔주시면 될 것 같습니다.
",0
"그럼 마셔보겠습니다.
",0
"신선한 파파헤아와 그다음에 플로하고 주시한 계열들, 좀 밝은 계열의 창미들이나 그런 이미지들을 떠올릴 수 있는 그런 에티오피아 봄매입니다.
",0
"감사합니다.
",0
"안녕하세요, 더반밸린 바리사 김야입니다.
",0
"이번에 소개해 드릴 레시피는 더반밸린 전체 원도에 사용 가능한 레시피이며, 지금 내려드릴 건 핫 레시피입니다.
",0
"도 직량은 16g이며, 출 레시피는 1대 1 15 비율로 잡고 있으며, 추출 시간은 3분 내외로 저희가 잡고 있습니다.
",1
"저희 더번 베를린 전 매장에서는 하리오 보이 60 을 전반적으로 사용 중이며, 브리스타이 온도는 92도에서 93 도로 기출할 예정이며.
",1
"지금 소개해 드릴 원두는 브라질, 다테아로 카페인이라는 원두입니다.
",0
"품종은 아라모사라는 품종인데, 카페인의 함량이 더 적다고 보시면 됩니다.
",0
"원두는 총 17g을 사용할 거고, 물의 양은 245g, E K 43 기준 10.2코만 단테 기준으로는 25 클릭으로 분쇄 예정입니다.
",1
"추출해보겠습니다. 우선 1차 푸어는 40g 30초 정도의 뜸 들리는 시간을 가져보도록 하겠습니다.
",1
"30초가 되면 160g 포화하겠습니다. 포 일본 15초가 되면 245g까지 포호해 주겠습니다.
",1
"보라색 계열의 체일이 부드럽고 로우 카페인인데, 단맛을 좀 느끼게 해줄 수 있는 그런 커피인 것 같습니다. 감사합니다.
",0
"안녕하세요, 펠트 커피 이재연입니다.
",0
"이번 소개해 드릴 레시피는 보다 묵직한 바디가의 커피를 선호하시는 분들을 위한 레시피로 클래버 3 4 인용 드리퍼를 사용한 침출식 레시피입니다.
",1
"이 클래버 같은 경우에는 침출식 드리퍼로 보다 간편하게 묵직하고 깔끔한 커피를 만들 수 있습니다.
",0
"필터는 가볍게 접어주시고 따뜻한 물로 충분히 예열해 줄 수 있도록 합니다.
",0
"이번 레시피는 커피 18.5g을 사용하여 1대 16 비율로 추출합니다.
",1
"분쇄도는 구형 2 K 43 기준으로 9.5 포인트 1100, 마이크론에서 플러스 마이너스 50 정도로 생각해 주시면 되겠습니다.
",1
"커피를 평평하게 만들어 주실 때에는 너무 강한 충격을 주시는 것보다 천천히 두 번 정도 흔들어주시는 게 좋습니다.
",0
"추출 온도는 95 도로 예열이 완료되었다면은 추출 시작하도록 하겠습니다.
",1
"뜸은 60g 30초 진행하도록 하겠습니다. 물을 넣어주신 후에는 좌우로 10번 충분히 저어줄 수 있도록 합니다.
",1
"이후 30초가 되었다면 물을 300 미리까지 넣어주도록 하겠습니다.
",1
"이때 물은 커피가 충분히 적셔질 수 있도록 강하게 부어주도록 합니다.
",1
"이번 추출하는 코스타리카, 에르바지오, 살로케, 세미, 워시드 같은 경우는 안토니오 바란테스 가족이 운영하는 농장입니다.
",0
"펠트 커피에서는 2015년 방문을 처음으로 지금까지 다이렉트 트레이드를 이어오고 있는 만큼 보다 훌륭한 커피 품질을 확인하실 수 있습니다.
",0
"추출은 2분 30초가 되었을 때 준비하신 서버에 옮겨주실 수 있도록 합니다.
",1
"서버는 예열을 해서 준비해 주실 수 있도록 합니다. 서버에 옮겨주시기 전 네 번 좌우로 강하게 저어줍니다.
",0
"물이 충분히 빠질 때까지 기다려주며 총 추출 시간은 4분이 되었을 때 제거해 주시면 되겠습니다.
",1
"내 총 추출한 커피는 220g에서 240g 정도로 생각해 주시면 되겠습니다.
",1
"이번 추출한 쌀로케의 세미 워시드 같은 경우에는 블루베리와 라임 같은 플레이버, 그리고 허브와 같은 에프터 테이스트를 느끼실 수 있습니다.
",0
"안녕하세요, 반갑습니다. 폰트 커피 양태은입니다.
",0
"이번에 제가 알려드릴 레시피는 아이스 브루잉 커피 레시피입니다.
",0
"저희 브루잉 레시피의 중요한 점은 상대적으로 굵은 물줄기를 사용하시는 것과 추출 시간에 약 50% 이내로 푸어를 끝내는 것입니다.
",1
"조금 더 쉽게 말씀드리면 저희 커피는 대개 추출이 3분 전으로 종료되는데, 이때 푸어를 마지막으로 1분 30초에서 40초 정도에 끝내주시면 됩니다.
",1
"그럼 커피를 내리면서 자세히 설명해 드리겠습니다.
",0
"제가 오늘 사용할 원두는 콜롬비아 톨리마 지역에 위치한 라팔마 농장의 게이샵 워시드입니다.
",0
"원두는 20g을 담겠습니다. 분쇄도는 EK 43 기준 9 를 사용하고, 코만단테는 24클릭을 사용합니다.
",1
"저희는 820 정도의 마이크론 분쇄도를 사용하고 있습니다.
",0
"드리퍼는 칼리타 웨이브 드리퍼를 사용하고, 흰색 웨이브 필터를 함께 사용합니다.
",1
"드리포트는 펠로우 900 미리, 추출 수 온도는 94도입니다. 그럼 필터 린싱을 먼저 하겠습니다.
",1
"필터를 린싱하실 때에는 웨이브 필터 옆면이 무너지지 않도록 정중앙에 물을 먼저 부우신 다음 옆면을 린싱해 주시면 됩니다.
",0
"린싱이 끝난 후에는 드리퍼를 꼭 뒤집어서 물을 다 빼주셔야 합니다.
",0
"저희는 아이스커피를 추출할 때 얼음을 먼저 넣고 추출하고 있는데요. 저희는 얼음을 6개 정도 담겠습니다.
",1
"그런데 집에서 드시는 얼음이 녹는 정도가 다를 수 있으니 서버에 4분의 1 정도 채우시고.
",0
"추출을 하신 다음 취향에 따라서 추출 후에 얼음에 희석해 드시면 됩니다. 그럼 원두 분쇄 후 추출을 시작하겠습니다.
",0
"첫 번째는 뜸들이기입니다. 10초 이내로 33g까지 푸어해 주시면 됩니다.
",1
"가운데에서 시작해서 바깥쪽으로 커피를 충분히 적셔주시면 됩니다.
",1
"33초가 되면 1차를 130g까지 푸어하겠습니다.
",1
"마찬가지로 가운데에서 시작해서 바깥쪽으로 나갔다가 다시 가운데로 돌아오시면 됩니다.
",1
"드리퍼의 물이 70% 정도 빠졌을 때쯤 2차를 200g까지 푸어해 주시면 됩니다.
",1
"1차와 다르게 2차와 3차는 조금 더 굵고 굵게 푸어해 주세요. 그래야 충분히 교반이 잘 될 수 있습니다.
",1
"마지막으로 3차를 280g까지 푸어하겠습니다.
",1
"저희 커피는 섬세하게 푸어해 주셨을 때보다 시원시원하게 푸어해 주셨을 때 저희 커피가 나타내고자 하는 특징을 조금 더 잘 느끼실 수 있습니다.
",0
"좋은 품질의 커피를 편안하고 조금 더 균형감 있게 드실 수 있도록 레스피를 만들었습니다.
",0
"그리고 제가 푸어를 끝내는 시간에 대해 언급해 드린 이유는
",0
"푸어를 끝내는 시간이 커피의 맛과 추출에 영향을 미치기 때문입니다.
",0
"푸어를 조금 일찍 끝내신 경우에는 커피가 다소 밋밋할 수 있고, 푸어를 상대적으로 늦게 끝내신 경우에는 커피에서 불필요한 맛까지 추출될 수 있습니다.
",0
"추출이 완료되어서 컵의 얼음을 담고 시음해 보겠습니다. 저희는 아이스 잔에 얼음을 5개 정도 담겠습니다.
",0
"아이스 브루잉.
",0
"커피의 경우 추출이 완료된 다음 추출물이 잘 섞일 수 있도록 바스푼을 한 번 정도 저어주신 다음에 부어주시면 되겠습니다.
",0
"그럼 커피를 시음해 보겠습니다.
",0
"이 커피는 레몬과 청사과 같은 상큼한 산미로 시작해서 뒤에는 캔디 같은 달콤함이 느껴집니다.
",0
"끝으로 진저애일과 같은 향신료의 풍미가 시원하게 느껴져서 커피가 더욱 다채롭게 다가오는 것 같습니다.
",0
"여름에 어울릴 만한 아이스로 드시기 좋은 밝고 청량한 커피입니다.
",0
"제가 알려드린 레시피로 집에서 꼭 내려드셔 보시고 여러분만의 레시피도 만들어 보시길 바랍니다. 감사합니다.
",0
"안녕하십니까? 여러분. 센터 커피 바이 스타 박상호입니다.
",0
"이번 12월 저희 센터 커피, 월픽 커피로 함께 여러분들이 사랑하시는 연인 친구, 그리고 가족분들과 함께 집에서 굉장히 맛있게.
",0
"또 저희 커피를 내려들 수 있는 레시피를 공유해 드리려고 합니다. 이번 영상에는 저희가 싱글 오리즌 라인업 중에 V.
",0
"식스트를 사용해서 어떻게 저희 핸터커피 원두들을 최대한 맛과 향을 끌어낼 수 있는지 에시피를 공유해 드리겠습니다.
",0
"일단 저희 같은 경우에는 매장에서 하리오 V, 식, 티 세라믹을 사용하고 있고, 필터 같은 경우에는 갈색 필터를 사용하고 있고요.
",1
"또 따로 필요한 거는 이 서버, 아니면 머그저울은 꼭 필수고, 그리고 물입니다.
",0
"그래서 먼저 저희가 브르잉을 할 때는 꼭 린칭을 해주시고요.
",0
"특히 이 갈색 필터는 린칭을 꼭 해주셔야 가장 장점을 드러날 수 있기 때문에 린칭은 뜨거운 물로 최대한 많이 해주셔야 됩니다.
",0
"그런 다음에 저희가 따뜻한 레시피를 먼저 내릴 건데, 원두 16g이 필요합니다.
",1
"제가 원두 16g을 분쇄를 할 건데, 지금 저희 레시피 같은 경우에는 디팅 랩스윗 기준으로 핫할 때는 6.5를 쓰고 있습니다.
",1
"이게 언스테셜틱 커뮤니티에 가시면 거기서 한 1060 마이크론 정도로 나와요. 그래서 그 정도에 참고하주시면 되고.
",0
"한 코 만난 테로는 마크 4 기준에 한 25 클릭 정도로 진행해 주시면 됩니다. 그라인더마다 영 점이 다 다르다 보니까.
",1
"1060 마이크론 정도로 생각해 주시고 본인 그라인더에 맞게 세팅을 잡아주시면 훨씬 더 좋은 효과를 볼 수 있습니다.
",0
"그래서 드리퍼에 원두를 넣어주시고 넣어주신 다음에 위에 표면을 세틀링을 해주세요. 평평하게 낼 수 있게 해주시고.
",0
"일단 물 온도 같은 경우에는 저희가 지금 95도를 쓸 건데.
",1
"이게 환경마다 다를 수 있지만 이제 겨울이 다가왔고, 또 주변 환경도 굉장히 온도가 낮아지기 때문에 드리퍼도 그렇고 예열를 잘 해주시고.
",0
"물 온도도 95도 정도로 사용해 주셔야 이제 커피가 추출이 원활하게 진행이 됩니다.
",1
"그래서 타이멀 시작한 동시에 가운데에 물을 천천히 무어 주시면서 40g까지 천천히 보여줍니다.
",1
"드리포트 같은 경우에는 다시 레얼 모드로 가져다 주시고 45초까지 저희 기다려 줄 겁니다.
",1
"지금 저희 싱글 라인업 같은 경우에는 배존도가 다 완전 기늘하지는 않지만, 보통 다 미디엄 라이트로 로스팅이 되고 있어 가지고.
",0
"저희는 네추럴 커피 같은 경우에는 93도 정도로 추천을 드리고, 물 온도를 헌이나 워시드 계열 같은 경우에는 95도로 추천을 드립니다.
",0
"그래서 물 온도도 프로세싱에 따라 그렇게 다르게 가져가고 있고, 45초가 됐을 때.
",0
"다시 천천히 원형으로 150g까지 구워주시고, 그다음에 150g이 됐을 때 센조포 어 그리고 이 많은 분들이 센터포를 할 때 궁금해하시는 분들 하는 게 낙차의 높이를 어떻게 가져가냐 하는데.
",1
"제가 지금 불링하는 게 에 TOP아 워시드인데 워시드 같은 경우는 저는 좀 더 높은 위치에서 이제 낙차를 좀 가져가고.
",0
"내추럴이나 허니 같은 경우에는 좀 더 낮아져요. 그리고 물줄기도 조금 더 빨라지거든요.
",0
"근데 워시트 같은 경우에는 조금 물 줄기 굵기 자체도 굉장히 얇고 좀 높은 높이에서 이렇게 추출을 진행을 합니다.
",0
"그래서 물이 다 부어졌을 때는 한 번 드리퍼를 세 번 흔들어 주신 다음에 기다려 주시면 한 2분 10초 15초 정도가 타겟이고.
",0
"이 여러분들이 추출해 보시면서 아시겠지만 에 TOP 같은 원두가 조금 더 느리게 추출이 돼요. 다른 원두들보다.
",0
"그래서 에티 오펠 같은 경우에는 지금 한 2분 10초 15초지만.
",0
"다른 예를 들어서 저희 라이업에 있는 코스타리카나 과테말라 등등은 그것보다 한 10초 정도 더 빠를 거예요.
",0
"에 티 오펠보다 10초 정도 더 빠르게 나오고, 그래서 지금 2분 18초 정도의 추출이 완료됐고, 밸런스 좋은 커피가 추출이 되었습니다.
",0
"그래서 가장 중요한 거는 제가 지금 추출한 거. 가장 비슷하게 추출하기 위해서 분세도 세팅. 1060 마이크론.
",0
"그리고 물 같은 경우에는 저희가 추천드린 거는 아이.
",1
"씨스 8.0 청주 미원면 수도원 거를 사용하시고 아니면 평창수를 추천드리고요.
",1
"그리고 원두 같은 경우에는 저희 같은 경우에는 싱글로리징 같은 경우에는.
",0
"디게싱은 최소 3일인데, 권장은 4 에서 5일입니다.
",0
"디게싱 4일에서 5일 정도 됐을 때부터 추출을 진행하시는 거를 추천드립니다.
",0
"그러면 여러분들도 커피를 집에서 맛있게 이번 연말 추출 잘 하시길 바랍니다. 감사합니다.
",0
"안녕하세요, 커피몽타주의 로스터 이연석입니다.
",0
"이번 영상에서는 디카페인 커피의 브루잉 레시피를 소개하겠습니다.
",1
"V60 드리퍼를 사용하여 매장과 동일한 레시피로 소개해 드리겠습니다.
",1
"디카페인 커피는 공정상 로스팅 후 밀도가 크게 낮아집니다.
",0
"이 크게 낮아진 밀도 때문에 분쇄 이후에 미분 발생이 더 많아집니다.
",0
"더 많아진 미분 때문에 브루잉을 할 시에 추측 시간이 지연됩니다.
",0
"특히 물을 1차, 2차 여러 번 나눠붙게 되면 더욱더 그 지연이 길어집니다.
",0
"그래서 보완하고자 분쇄도는 조금 붉게 900 마이크론 정도로 분쇄하고, 물 주입은 1차 주입에서 마무리하겠습니다.
",1
"커피는 16g의 커피를 사용하겠습니다. 그리고 추출 수의 양은 총 200g입니다.
",1
"1대 12.5 의 추출 비율입니다. 추출을 끝낸 후 50g 정도를 바이패스하여 취향에 따라서 즐기시면 되겠습니다.
",1
"물 온도는 93도를 사용하겠습니다. 뜸은 약 40g으로 30초 동안 진행하겠습니다.
",1
"한 번에 160g의 물을 부어 추출을 마무리하겠습니다.
",1
"디카페인 커피의 아이스 브루잉 레시피 같은 경우에는 미디움 라이스트 로스팅 포인트에 브루잉 레시피와 동일합니다.
",0
"브그 동일한 레시피에서 분쇄도만 조금 굵게 설정해 주시면 되겠습니다. 2분 15초 정도의 추출이 마무리되었습니다.
",1
"추출이 끝난 후 50g 정도를 바이패스해서 취향에 맞게 즐기시면 되겠습니다. 추출을 마무리하겠습니다.
",1
"감사합니다.
",0
"안녕하세요, 더반 베를린 바리스타 김환입니다. 이번에 소개해드릴 영상은 아이스 레시피구요.
",0
"이번에 사용할 원두는 에티오피아 봄배 네추럴입니다.
",0
"도징량은 저희가 17g에서 18g 잡고 있고, 추출 비율은 1대 11 정도에 비율로.
",1
"한 레시피와 동일하게 코만단테 그다음에 EK 43 전부 다 동일하게 저희가 추출할 수 있도록 고정된 값으로 분쇄하겠습니다.
",1
"서버에는 얼음 두세 알 중량으로 따지면 한 60g 정도로 저희가 타겟팅을 하고 있는데, 중량이 살짝 오바돼도 괜찮으니까 넣어주시면 됩니다.
",1
"따뜻한 레시피와 똑같이 뜸들이기는 40g의 30초 동일하게 진행하겠습니다.
",1
"30초가 되면 130g까지 푸어해 주겠습니다. 1분 10초가 되면 200g까지 푸어해 주겠습니다.
",1
"아이스 레시피 같은 경우에는 저희가 2분 30초 전으로 타겟팅해서 추출하고 있으며.
",1
"서버에 얼음이 다 녹을 때까지 스월링을 한번 해주신 뒤에 아이스컵에 얼음 채워주신 후에 드셔주시면 될 것 같습니다.
",0
"그럼 마셔보겠습니다.
",0
"신선한 파파헤아와 그다음에 플로하고 주시한 계열들, 좀 밝은 계열의 창미들이나 그런 이미지들을 떠올릴 수 있는 그런 에티오피아 봄매입니다.
",0
"감사합니다.
",0
"나 안녕하세요. 펠트커피 이재연입니다. 이번 소개해 드릴 레시피는 하리오 V 60 을 사용한 아이스 레시피입니다.
",1
"밸런스와 클린컵을 중심으로 만들어진 레시피이며, 하리오 V 60 을 통한 여과식 레시피입니다.
",0
"하리오 V 60 같은 경우에는 타 드리퍼 데비 리브가 긴 편입니다.
",0
"이 진 리븐은 보다 빠른 추출 흐름을 만들어줄 수 있습니다.
",0
"이로 인해 보다 가는 분쇄도를 사용할 수 있고, 결과물은 보다 명확한 커피의 컵 노트를 확인하실 수 있습니다.
",0
"종이 필터를 접으실 때에는 이 추 흐름을 잘 활용할 수 있도록 조금 여유를 두고 접어두시는 편이 좋습니다.
",0
"따뜻한 물로 충분히 예열해줄 수 있도록 하겠습니다.
",0
"아이스 브루윙의 경우는 얼음 100 미리를 먼저 서버에 추가하도록 하겠습니다.
",1
"커피는 18.5g을 사용하며 1대 10 비율로 추출합니다.
",1
"분쇄도는 902, K 43 기준으로 8 생각해 주시면 되고, 800 마이크롬에서 플러스 마이너스 50 정도로 추출해 주시면 좋겠습니다.
",1
"일부를 평평하게 만들어 주실 때에는 강한 충격을 주시는 것보단 가볍게 두 번 정도 흔들어주시는 게 좋습니다.
",0
"물이 예열되었다면 추출 시작하도록 하겠습니다.
",0
"물은 95도의 온수로 추출하며 뜸은 40g, 30초 진행하도록 하겠습니다.
",1
"30초가 되었다면 물 50g을 가수해 줍니다. 그리고 55초가 되었다면 다시 한번 50g 넣어주도록 하겠습니다.
",1
"그리고 1분 15초에서 20초가 되었다면 마지막으로 50g을 넣어줍니다.
",1
"물이 다 빠질 때까지 충분히 기다려 주시고, 1분 40초에서 50초 사이가 되었을 때 추출되셨다면 완성입니다.
",1
"얼음잔에 얼음을 가득 준비해 주시고 추출된 커피는 얼음이 잘 섞일 수 있도록 섞어주신 다음에 잔에 옮겨주시면 됩니다.
",0
"2번 추출한 파나마 아브게이샤, 어네어 로빙.
",0
"네추럴 같은 경우에는 잘 숙성된 와인, 그리고 검포도에 플레이버 꿀과 같은 단맛 라인과 같은 깔끔하고 깨끗한 여운을 확인하실 수 있습니다.
",0
"감사합니다.
",0
"안녕하세요, 커피몽타주의 로스터 이연석입니다.
",0
"이번 영상에서는 디카페인 커피의 브르잉 레시피를 소개하겠습니다.
",1
"V 6 T 드리퍼를 사용하여 매장과 동일한 레시피로 소개해 드리겠습니다.
",1
"디카페인 커피는 공정상 로스팅 후 밀도가 크게 낮아집니다.
",0
"이 크게 낮아진 밀도 때문에 분쇄 이후에 미분 발생이 더 많아집니다.
",0
"더 많아진 미분 때문에 브르잉을 할 시에 추측 시간이 지연됩니다.
",0
"특히 물을 1차, 2차 여러 번 나눠붙게 되면 더욱더 그 지연이 길어집니다. 기.
",0
"그래서 보완하고자 분쇄도는 조금 붉게 900 마이크론 정도로 분쇄하고, 물 주입은 1차 주입에서 마무리하겠습니다.
",1
"커피는 16g의 커피를 사용하겠습니다. 그리고 추출 수의 양은 총 200g입니다.
",1
"1대 12.5 의 추출 비율입니다. 추출을 끝낸 후 50g 정도를 바이패스하여 취향에 따라서 즐기시면 되겠습니다.
",1
"물론 도는 93도를 사용하겠습니다. 뜸은 약 40g으로 30초 동안 진행하겠습니다.
",1
"한 번에 160g의 물을 부어 추출을 마무리하겠습니다.
",1
"디카페인 커피의 아이시스, 브르잉 레시피 같은 경우에는 미디움 라이스트 로스팅 포인트에 브루잉 레시피와 동일합니다.
",0
"브그 동일한 레시피에서 군세도만 조금 굵게 설정해 주시면 되겠습니다. 2분 15초 정도의 추출이 마무리되었습니다.
",1
"추출이 끝난 후 50g 정도를 바이패스에서 취향에 맞게 즐기시면 되겠습니다. 실추를 마무리하겠습니다.
",1
"감사합니다.
",0
"안녕하십니까? 여러분. 센터 커피 바리스타 박상호입니다.
",0
"이번 12월 저희 센터 커피, 월픽 커피로 함께 여러분들이 사랑하시는 연인 친구, 그리고 가족분들과 함께 집에서 굉장히 맛있게.
",0
"또 저희 커피를 내려드실 수 있는 레시피를 공유해 드리려고 합니다. 이번 영상에는 저희가 싱글 오리진 라인업 중에 V60를 사용해서 어떻게 저희 센터커피 원두들을 최대한 맛과 향을 끌어낼 수 있는지 레시피를 공유해 드리겠습니다.
",0
"일단 저희 같은 경우에는 매장에서 하리오 V60 세라믹을 사용하고 있고, 필터 같은 경우에는 갈색 필터를 사용하고 있고요.
",1
"또 따로 필요한 거는 이 서버, 아니면 머그저울은 꼭 필수고, 그리고 물입니다.
",0
"그래서 먼저 저희가 브르잉을 할 때는 꼭 린싱을 해주시고요.
",0
"특히 이 갈색 필터는 린싱을 꼭 해주셔야 가장 장점을 드러날 수 있기 때문에 린싱은 뜨거운 물로 최대한 많이 해주셔야 됩니다.
",0
"그런 다음에 저희가 따뜻한 레시피를 먼저 내릴 건데, 원두 16g이 필요합니다.
",1
"제가 원두 16g을 분쇄를 할 건데, 지금 저희 레시피 같은 경우에는 디팅 랩스윗 기준으로 핫일 때는 6.5를 쓰고 있습니다.
",1
"이게 언스테셜틱 커뮤니티에 가시면 거기서 한 1060 마이크론 정도로 나와요. 그래서 그 정도에 참고해주시면 되고.
",0
"한 코만단테로는 마크 4 기준에 한 25 클릭 정도로 진행해 주시면 됩니다. 그라인더마다 영점이 다 다르다 보니까.
",0
"1060 마이크론 정도로 생각해 주시고 본인 그라인더에 맞게 세팅을 잡아주시면 훨씬 더 좋은 효과를 볼 수 있습니다.
",0
"그래서 드리퍼에 원두를 넣어주시고 넣어주신 다음에 위에 표면을 세틀링을 해주세요. 평평하게 될 수 있게 해주시고.
",0
"일단 물 온도 같은 경우에는 저희가 지금 95도를 쓸 건데.
",1
"이게 환경마다 다를 수 있지만 이제 겨울이 다가왔고, 또 주변 환경도 굉장히 온도가 낮아지기 때문에 드리퍼도 그렇고 예열를 잘 해주시고.
",0
"물 온도도 95도 정도로 사용해 주셔야 이제 커피가 추출이 원활하게 진행이 됩니다.
",1
"그래서 타이머를 시작한 동시에 가운데에 물을 천천히 부어 주시면서 40g까지 천천히 부어줍니다.
",1
"드립포트 같은 경우에는 다시 예열 모드로 가져다 주시고 45초까지 저희 기다려 줄 겁니다.
",1
"지금 저희 싱글 라인업 같은 경우에는 배전도가 다 완전 균일하지는 않지만, 보통 다 미디엄 라이트로 로스팅이 되고 있어 가지고.
",0
"저희는 내추럴 커피 같은 경우에는 93도 정도로 추천을 드리고, 물 온도를 허니나 워시드 계열 같은 경우에는 95도로 추천을 드립니다.
",0
"그래서 물 온도도 프로세싱에 따라 그렇게 다르게 가져가고 있고, 45초가 됐을 때.
",0
"다시 천천히 원형으로 150g까지 부워주시고, 그다음에 150g이 됐을 때 센터푸어 그리고 이 많은 분들이 센터푸어를 할 때 궁금해하시는 분들 하는 게 낙차의 높이를 어떻게 가져가냐 하는데.
",1
"제가 지금 브루잉하는 게 에티오피아 워시드인데 워시드 같은 경우는 저는 좀 더 높은 위치에서 이제 낙차를 좀 가져가고.
",0
"내추럴이나 허니 같은 경우에는 좀 더 낮아져요. 그리고 물줄기도 조금 더 빨라지거든요.
",0
"근데 워시드 같은 경우에는 조금 물 줄기 굵기 자체도 굉장히 얇고 좀 높은 높이에서 이렇게 추출을 진행을 합니다.
",0
"그래서 물이 다 부어졌을 때는 한 번 드리퍼를 세 번 흔들어 주신 다음에 기다려 주시면 한 2분 10초 15초 정도가 타겟이고.
",1
"이 여러분들이 추출해 보시면서 아시겠지만 에티오피아 같은 원두가 조금 더 느리게 추출이 돼요. 다른 원두들보다.
",0
"그래서 에티오피아 같은 경우에는 지금 한 2분 10초 15초지만.
",0
"다른 예를 들어서 저희 라이업에 있는 코스타리카나 과테말라 등등은 그것보다 한 10초 정도 더 빠를 거예요.
",0
"에티오피아보다 10초 정도 더 빠르게 나오고, 그래서 지금 2분 18초 정도의 추출이 완료됐고, 밸런스 좋은 커피가 추출이 되었습니다.
",0
"그래서 가장 중요한 거는 제가 지금 추출한 거. 가장 비슷하게 추출하기 위해서 분세도 세팅. 1060 마이크론.
",0
"그리고 물 같은 경우에는 저희가 추천드린 거는 아이.
",0
"씨스 8.0 청주 미원면 수도원 거를 사용하시고 아니면 평창수를 추천드리고요.
",0
"그리고 원두 같은 경우에는 저희 같은 경우에는 싱글오리진 같은 경우에는.
",0
"디게싱은 최소 3일인데, 권장은 4 에서 5일입니다.
",0
"디게싱 4일에서 5일 정도 됐을 때부터 추출을 진행하시는 거를 추천드립니다.
",0
"그러면 여러분들도 커피를 집에서 맛있게 이번 연말 추출 잘 하시길 바랍니다. 감사합니다.
",0
"안녕하세요, 펠트커피 이재현입니다.
",0
"이번 소개해 드릴 레시피는 하리오 V60 을 사용한 저희 기본적인 레시피로 밸런스와 클린컵에 중점을 두고 만들어진 추출 레시피입니다.
",1
"이번 소개해 드리는 레시피는 저희 매장에서도 사용하고 있을 만큼 저희가 가장 추천드리는 레시피로 이 하리오 브이 육공을 통해서 추출 진행하도록 하겠습니다.
",0
"이 하리오 V.
",0
"육공 같은 경우에는 타 드리퍼 대비 긴 리브를 가지고 있는데, 이는 보다 빠른 추출 흐름을 보여줄 수 있는 드리퍼입니다.
",1
"이로 인해서 보다 가늘어진 분쇄도를 사용할 수 있고, 이로 인해 더 명확한 커피의 노트를 보여줄 수 있습니다.
",0
"필터는 리브와 충분히 접촉될 수 있도록 조금 여유를 두고 접어주시는 편이 좋습니다.
",0
"리브를 접어주신 후에 따뜻한 물로 충분히 예열을 진행해 주도록 합니다.
",0
"린싱하는 과정을 통해 커피 필터와 드리퍼는 보다 밀착하게 되어 추출 일관성을 유지하는 데 조금 더 도움이 됩니다.
",0
"커피는 18.5g을 사용해서 1대 16 비율로 추출하게 됩니다.
",1
"분쇄도는 구형 eK 43 기준으로 8.5 정도의 분쇄도를 사용하며 900, 마이크론 기준으로 플러스 마이너스 50 정도로 생각해 주시면 됩니다.
",1
"이제 물이 예열되어서 추출 진행하도록 하겠습니다.
",0
"커피를 담아주신 후 강하게 충격을 주시는 것보다는 가볍게 두 번 정도 흔들어서 수평을 맞춰주시는 게 좋습니다.
",0
"물 온도는 95도로 추출을 진행하며 뜸은 40g 30초 진행하도록 하겠습니다.
",1
"30 초가 되었을 때 100g의 물을 넣어주도록 하겠습니다.
",1
"두 번째 가수는 1분 정도 되었을 때 다시 한번 100 미리 추가하도록 하겠습니다.
",1
"마지막 가수는 1분 30 초경에 60g 추가해서 총 300g의 물을 사용해 주시면 되겠습니다.
",1
"추출은 물이 다 빠질 때까지 기다려둔 후에 2분에서 2분 30초 사이에 추출이 되었다면은 완성입니다.
",1
"총 추출된 커피는 250 에서 260g 사이로 추출이 완료됩니다. 2번 추출한 파나마산 토스게이샤 네추럴.
",0
"커피 같은 경우에는 레몬그라스와 블루베리 같은 향미 볼 같은 단맛, 그리고 그린티와 같은 여운을 확인하실 수 있습니다.
",0
"감사합니다.
",0
"오유 200g을 사용하셔서 드시면 좋을 것 같습니다.
",0
"월픽을 통해서 꼭 한번 드셔보셨으면 좋겠습니다, 감사합니다, 안녕하세요. 304, 로스터스 송요민입니다.
",0
"이번 영상에서는 저희 핫 브루잉 레시피를 보여드릴 건데요.
",0
"모든 싱글 원두들은 한 가지의 레시피로 쉽고 간편하게 맛있게 드실 수 있을 겁니다.
",0
"그리고 저희 304 로스터스에서 보여드릴 커피는요.
",0
"커피마다 특색을 최대한 살리기 위해서 작은 디테일까지 신경을 굉장히 썼고요.
",0
"그리고 커피를 마실 때 마지막 한 모금까지 부담 없이 편안하게 드실 수 있는 커피들을 준비했습니다.
",0
"그리고 저희 이번 핫 브루잉에서 쓸 싱글 원두는 페루 싼 세바스티안 게이샤 워시드를 사용할 거고요.
",0
"드리퍼의 경우는 향미를 최대한 살리기 위해서 하리오 V60을 사용할 거고, 물 온도는 93 도로 설정을 했습니다.
",1
"추출 비율은 원두 18g의 물량 270 을 이용한 1대 15 비율로 추출을 해보도록 하겠습니다.
",1
"린싱 먼저 하도록 할게요. 린싱을 하실 때는 드리퍼에서 필터지가 뜨지 않도록 최대한 잘 붙여서 사용해주시면 됩니다.
",0
"분세는 eK 43 기준, 8.5로 분쇄하도록 하겠습니다.
",1
"30g의 물을 사용해서 30초 동안 뜸들이기를 진행해 주겠습니다 하고 30초가 되면 1차 푸어를 시작할 건데요.
",1
"깨끗한 향미 표현을 극대화하기 위해서는 잘 골고루 섞어준다는 느낌으로 좀 빠르게 추출을 진행해 볼게요.
",0
"50초가 되면 80g의 물을 부어줄 거고요. 추출 수위를 높여서 운동 에너지를 증가시켜서 추출력을 높여줄 겁니다.
",1
"그리고 1분 10초의 마지막 푸어인 60g을 보어서 270g까지 맞춰줄게요.
",1
"추출 끝나는 시간은 2분에서 2분 20초 정도로 추천을 해드리고 있고요. 먹어보도록 하겠습니다.
",1
"게이샤 커피답게 자스민 같은 아로마가 굉장히 풍부하게 올라오고요.
",0
"화이트 와인 같은 스파클링한 느낌이 있고, 애프터의 꿀 같은 질감의 느낌에 되게 좋은 커피입니다. 잔을 사용하실 때는
",0
"감사합니다, 안녕하세요, 펠트 커피 이재현입니다.
",0
"이번 소개해 드릴 레시피는 보다 묵직한 바디 간의 커피를 선호하시는 분들을 위한 레시피로 클래버를 사용한 침출식 지출 방법입니다.
",1
"클래버 드리퍼의 경우에는 종이 필터를 사용해서 보다 간편하게 묵직한 커피를 추출할 수 있습니다.
",0
"종이 필터를 가볍게 접어주신 뒤 뜨거운 물로 충분히 충린싱 해줄 수 있도록 합니다.
",0
"린싱을 통해 리브의 종이가 잘 밀착될 수 있도록 하고, 예열이 될 수 있도록 충분히 물을 부어줍니다.
",0
"아이셀레이시피의 경우 18.5g의 커피를 사용해서 1대 10 비율로 추출합니다.
",1
"분세도는 9 02, K 43 기준으로 9.5 포인트 1000, 마이크론에서 플러스 마이너스 50 정도로 생각해 주시면 되겠습니다.
",1
"커피를 평평하게 해주실 때는 강한 충격을 주시는 것보다 가볍게 좌우로 두 번 정도 흔들어주시는 게 좋습니다.
",0
"추출수 온도는 95 도로 예열이 완료되었다면 추출 시작하도록 하겠습니다.
",1
"뜸은 60g 30초 진행하도록 하겠습니다. 물을 부어준 후에는 좌우로 10번 충분히 저어주도록 하겠습니다.
",1
"이후 30초가 되었을 때 나머지 물을 넣어서 185g 이 되게끔 물을 넣어줍니다.
",1
"이때 커피가 잘 적셔질 수 있도록 충분히 크게 물을 넣어주면 넣 감사하겠습니다.
",0
"기다리시는 동안 얼음을 백밀히 준비해 두도록 하겠습니다.
",1
"3분이 되었을 때 준비된 서버의 클래버를 내려주도록 하겠습니다.
",1
"내려주실 때는 커피를 4회 좌우로 충분히 저어주시면 감사하겠습니다. 총 추출 시간은 4분 30초로.
",1
"물이 충분히 빠질 때까지 기다려 주시면 감사하겠습니다.
",0
"추출이 완료되셨다면 클래버를 제거하고 준비한 얼음잔에 커피를 옮겨주시면 되겠습니다.
",1
"이번 추출한 코스타리카 에르바주산 로켓 네츄럴 커피는 포도와 와인을 가득 먹금은 거와 같은 플레이버와 오렌지와 같은 달콤한 여운을 느끼실 수 있습니다.
",0
"안녕하세요. 폰트 커피에서 근무 중인 바리스타 김유리입니다.
",0
"이번 영상에서는 폰트 커피에서 사용하고 있는 따뜻한 블링 레시필러 알려드릴 건데요.
",0
"하나의 레시필러, 누구나 맛있는 한 잔을 내릴 수 있습니다.
",0
"제가 소개해 드릴 커피는 월픽에서 만나보실 수 있는 펠로 베아비스타 게이사 워시드인데요.
",0
"그럼 간단하게 레시필레 알려드릴게요. 저희가 사용하는 원조의 양은 20g입니다.
",1
"물 온도는 94도로 설정하겠습니다. 저희가 사용하는 드리퍼는 칼리타 웨이브 185인데요.
",1
"함께 사용하는 필터는 칼리타 웨이브 필터입니다.
",1
"드리퍼의 원형 리브와 필터의 리브가 만나면 드리퍼와의 접촉을 줄이고, 공기의 흐름을 원활하게 해서 부드럽고 균형감 있는 커피를 추출하실 수 있습니다.
",0
"저희분 세도는 2, K 43 기준으로 10 으로 설정했습니다. 그리고 코만 단체 기준으로는 26 클릭입니다.
",1
"제가 하겠습니다. 보온 효과와 필터의 잔민을 덜기 위해서 린싱 작업을 합니다. 그럼 이제 커피 추추는 시작할게요.
",0
"30 에서 35g 사이에 34 초간 뜸을 드립니다. 뜸은 8초 안에 끝나는 것이 좋고요.
",1
"1 천은 120g 투화하겠습니다.
",1
"일정한 물줄기를 사용해서 중심에서 바깥쪽으로 원을 그리듯 낙찰를 주며 낙수출하는 것이 교반에 도움이 됩니다.
",0
"수위가 80% 정도 빠지면 70g 초화하겠습니다. 3차도, 2차와 종일하게 80g 푸어합니다. 프.
",1
"전체 푸어가 끝난 시점은 1분 40초 이내입니다. 전체 부드림 시간에 40 에서 50% 정도인데요.
",1
"적당한 수위의 문을 푸어해서 밸런스 좋은 결과문을 얻을 수 있습니다. 3분 20초 정도로 추측이 끝났습니다.
",1
"이 커피는 파파와 같은 풍미가 좋고요. 붉은 체리에서 느껴지는 새콤달콤함도 있어요.
",0
"그리고 후미에는 약간 카나멜과 같은 풍부한 단맛이 좋은 커피입니다.
",0
"다들 이 영상을 보시고 모두 맛있는 커피 드시면 좋겠습니다. 감사합니다.
",0
"안녕하십니까, 여러분. 이번 시간에는 브이식스티로 아이스 레시피를 공유해 드리도록 하겠습니다.
",0
"일단 똑같이 잘 예열된 브이식스티, 그리고 갈색 하리오 필터고요. 지금 서버에는 70g의 얼음이 담겨져 있습니다.
",1
"그리고 원두 사용량은 저희가 18, 그람을 사용을 할 거고, 물 온도는 96도로 진행을 할 겁니다.
",1
"그리고 원도를 가실 때 핫 같은 경우에는 브이 식씨가 아까 말씀드린 것처럼.
",0
"한 1060 마이크론 정도 저희가 분쇄를 하는데, 아이스 같은 경우에는 저희가 딱 100 마이크론을 빼면 돼요.
",0
"그래서 950 에서 960 마이크론 정도로 하시면 저희 아이스 에시피에 사용하는 분쇄도와 굉장히 비슷해집니다.
",0
"그래서 어떤 그라인더를 쓰시던 한 960, 950 마이크론을 목표로 잡으시고 분쇄를 하시면 좋으실 것 같습니다.
",0
"그럼 일단 먼저 분쇄를 해서 보겠습니다.
",0
"자, 물 온도 96도가 도달이 되면 타이머를 시작하신 후 자금원형으로 50g까지 보어줍니다.
",1
"그리고 아이 씨 같은 경우에는 부십노우 부 한 이렇게 다섯 번 정도 드리퍼를 잘 섞어주세요.
",1
"그래야 저희가 더 많은 원두량을 쓰기 때문에 잘 섞어주지 않으면.
",0
"물이 원활하게 원두에 골고루 분포가 안 되기 때문에 이렇게 잘 적극적으로 소홀링해 주시는 게 굉장히 중요합니다.
",0
"그래서 40초가 됐을 때 다시 작은 원형으로 85g까지 2 달 한 후 센터 포어를 시작할 겁니다.
",1
"그 센터 포어는 180g까지 진행할 거고요. 얇은 물줄기와 높은 위치에서 낙차 높이 낙차가 굉장히 높게 잡는 거죠.
",1
"래서 180 조사했을 때 다시 한 번 세 번 정도 잘 이렇게 섞어줍니다. 그래서 지금 총 추출 시간은 1분 40초로 나왔고요.
",1
"이렇게 되면 적당한 농도, 그리고 초반에 추출할 수 있는 좋은 핵미들과.
",0
"그리고 산미, 그리고 복합성이 같이 잘 나와서 굉장히 청장하고 맛있는 아이스 브로잉이 추출이 됩니다.
",0
"그리고 추가로 저희 게 이사 원두를 만약에 아이스트로 브로링 하시면 제가 추천드리는 거는 원주량을 1g, 더 사용하셔 가지고 19g.
",0
"하지만 또 입자는 똑같이 950 에서 960 마이크롬을 진행하는 걸로 추천드리고요.
",0
"물 온도는 똑같이 96도로 진행해 주시고.
",0
"아예 똑같은 메시피로 진행해 주시면 조금 더 개이사의 특유 뉘앙스를 더 훨씬 잘 느낄 수 있을 것 같습니.
",0
"안녕하십니까, 여러분. 이번 시간에는 V60로 아이스 레시피를 공유해 드리도록 하겠습니다.
",1
"일단 똑같이 잘 예열된 V60, 그리고 갈색 하리오 필터고요. 지금 서버에는 70g의 얼음이 담겨져 있습니다.
",1
"그리고 원두 사용량은 저희가 18그람을 사용을 할 거고, 물 온도는 96도로 진행을 할 겁니다.
",1
"그리고 원두를 가실 때 핫 같은 경우에는 V60가 아까 말씀드린 것처럼.
",0
"한 1060 마이크론 정도 저희가 분쇄를 하는데, 아이스같은 경우에는 저희가 딱 100 마이크론을 빼면 돼요.
",0
"그래서 950 에서 960 마이크론 정도로 하시면 저희 아이스 레시피에 사용하는 분쇄도와 굉장히 비슷해집니다.
",0
"그래서 어떤 그라인더를 쓰시던 한 960, 950 마이크론을 목표로 잡으시고 분쇄를 하시면 좋으실 것 같습니다.
",0
"그럼 일단 먼저 분쇄를 해서 오겠습니다.
",0
"자, 물 온도 96도가 도달이 되면 타이머를 시작하신 후 작은 원형으로 50g까지 보어줍니다.
",1
"그리고 아이스 같은 경우에는 부으신 후 한 이렇게 다섯 번 정도 드리퍼를 잘 섞어주세요.
",1
"그래야 저희가 더 많은 원두량을 쓰기 때문에 잘 섞어주지 않으면.
",0
"물이 원활하게 원두에 골고루 분포가 안 되기 때문에 이렇게 잘 적극적으로 스월링해 주시는 게 굉장히 중요합니다.
",0
"그래서 40초가 됐을 때 다시 작은 원형으로 85g까지 도달 한 후 센터 푸어를 시작할 겁니다.
",1
"그 센터 푸어는 180g까지 진행할 거고요. 얇은 물줄기와 높은 위치에서 낙차 높이 낙차가 굉장히 높게 잡는 거죠.
",1
"그래서 180 도달했을 때 다시 한 번 세 번 정도 잘 이렇게 섞어줍니다. 그래서 지금 총 추출 시간은 1분 40초로 나왔고요.
",1
"이렇게 되면 적당한 농도, 그리고 초반에 추출할 수 있는 좋은 향미들과.
",0
"그리고 산미, 그리고 복합성이 같이 잘 나와서 굉장히 청장하고 맛있는 아이스 브루잉이 추출이 됩니다.
",0
"그리고 추가로 저희 게이샤 원두를 만약에 아이스로 브루잉 하시면 제가 추천드리는 거는 원두량을 1g, 더 사용하셔 가지고 19g.
",0
"하지만 또 입자는 똑같이 950 에서 960 마이크론을 진행하는 걸로 추천드리고요.
",0
"물 온도는 똑같이 96도로 진행해 주시고.
",0
"아예 똑같은 레시피로 진행해 주시면 조금 더 게이샤의 특유 뉘앙스를 더 훨씬 잘 느낄 수 있을 것 같습니다.
",0
"네, 안녕하세요. 파스텔 커피웍스, 바리스타 정혜원입니다.
",0
"이번 영상에서는 파스텔 커피웍스의 아이스 브루잉 레시피를 소개해 드리려고 하는데요.
",1
"저희 매장에서 사용 중인 하리오 스위치 드리퍼를 사용해 알려드리도록 하겠습니다.
",1
"이 하리오 스위치 드리퍼 내부에는 쇠 구슬이 있어요.
",0
"그래서 스위치를 올려서 사용하시면 이 쇠 구슬이 물 빠짐을 방지해서 침지식으로 커피를 추출할 수 있고요.
",0
"처음부터 스위치를 내려서 사용하시면 투과식으로도 사용하실 수 있다는 장점을 가지고 있는 드리퍼입니다.
",0
"그래서 오늘은 아이스 브루잉을 우간다 음발레 내추럴 커피를 가지고 침지식으로 설명을 드리겠습니다.
",0
"오늘 브루잉 레시피에 사용할 원두의 양은 총 19g이고요. 분쇄도는 eK 43, S 기준으로 10.5입니다.
",1
"분쇄한 커피를 담기 전에는 꼭 이 드리퍼에 종이 필터를 넣고 린싱을 해주겠습니다.
",0
"이렇게 충분히 린싱을 하는 이유는요.
",0
"종이 필터의 냄새를 제거하고, 또 저희가 추출수로 사용하는 92도의 물을 온도가 떨어지지 않도록 하는 효과도 있고요.
",0
"이 커피 성분이 필터에 흡착되는 것에 막아주는 효과를 가지고 있기 때문에 저희는 종이 필터를 항상 드리퍼에 넣고 린싱을 진행하고 있습니다.
",0
"그리고 아이스 브루잉 레시피기 때문에 유리 서버에 60g 정도의 얼음을 담아서 수출을 시작하겠습니다.
",1
"준비한 유리 서버에 드리퍼를 장착하시고, 이 드리퍼의 스위치가 꼭 올라가져 있는지 확인을 해주세요.
",0
"그리고 분쇄한 커피 19그람을 드리퍼 안에 담아주세요.
",1
"이 커피 표면이 평평해질 수 있도록 드리퍼를 두 번에서 세 번 정도 가볍게 흔들어서 커피 표면이 평평해질 수 있도록 해주세요.
",0
"이때 너무 드리퍼를 과도하게 흔들기보다는 가볍게 흔들어서 커피 표면을 평평하게 만드는 것을 추천드립니다.
",0
"92도의 추출수를 160g 푸어해서 추출을 진행하도록 하겠습니다.
",1
"항상 저울 영점이 맞춰져 있는지 확인하시고, 타이머을 누르면서 시작하겠습니다.
",0
"침지식으로 커피를 추출하기 때문에 너무 천천히 물을 부어주시면 추출에 필요한 시간이 충분히 확보가 되지 않으실 수 있어요.
",0
"그래서 아이스 레시피인 경우에는 15초에서 16초 사이에 추출을 완료하시는 것을 추천드립니다.
",1
"이제 1분 40초가 되면 이 나무 막대를 가지고 총 10번의 스퍼를 줄 건데요.
",1
"스퍼를 줄 때는 너무 빨리 저으시거나, 아니면 이 드리퍼 외벽 면을 긁으시면서 진행하게 되셨을 때 좀 불쾌한 텁텁함.
",0
"또는 쓴 맛까지 같이 추출될 수 있으니 이 점 유의해 주세요. 나무막대로 스터를.
",0
"줄 때는 스위치를 내리면서 진행하도록 하겠습니다. 추출은 2분 30초에서 3분 내로 종료가 됩니다.
",1
"만약에 3분을 너무 훌쩍 넘어서 추출이 완료가 된다면 분쇄도를 조금 굵게 가져가시는 것을 추천드려요.
",0
"물이 다 빠지면 드리퍼를 서버에서 제거하고.
",0
"아이스 브루잉인 경우에는 유리 서버에 얼음을 넣고 시작했기 때문에 이 얼음을 충분히 다 녹을 수 있게끔 저어주셔야 합니다.
",1
"그리고 미리 준비한 얼음잔에 담아주시면 추출은 완료입니다. 오늘 추출한 커피를 마셔보도록 하겠습니다.
",1
"오늘 추출한 우간다 음 발레 내추럴 커피는요. 처음 먹자마자 새콤한 좌두나 딸기의 산미가 선명하게 느껴지고요.
",0
"이후에 초콜릿의 단맛이 아주 길게 잘 느껴지고 있어요. 오늘 영상 시청해 주셔서 감사합니다.
",0
"안녕하십니까? 여러분, 요즘 여러분들이 많이 또 사용하고 계시는 오리가미 에 어 S로 추출을 한번 해보고.
",1
"만약에 오리가미가 집에 있으신 분들은.
",0
"이 레시피를 참고하신 다음에 저희 핸드커피 원두를 추출하시면 어떻게 더 맛있게 내릴 수 있는지.
",0
"제가 레시피 가이드를 보여드리려고 합니다. 일단은 당연히 필요한 거는 오리가미 에어 S고요.
",0
"그리고 저희 필터 같은 경우에는 많은 분들이 칼리타 필터 아니면 V 식 D.
",1
"필터나 카페 필터 여러 가지 많이 사용하시지만, 이번에 제가 사용할 필터 같은 경우에는 칼리타 185 사이즈 필터고 흰색이고요.
",1
"이것도 지금 제가 굉장히 충분히 린칭을 많이 진행을 했고, 또 필요한 준비물은 원두 16g.
",1
"제가 지금 출출할 커피는 과테말라라 에르모사 농장의 에 TO 피아 게이샤입니다.
",0
"그리고 이건 16g을 사용을 할 거고 물은 저희가 250g 이 필요할 거고요.
",1
"그리고 주전자 온도는 세팅한 게 96도입니다.
",1
"이 오리가미 에어 같은 경우에는 그냥 일반 V 6 T 보다 추출 속도가 조금 더 빨라요.
",1
"그래서 저희가 입자 사이즈 같은 경우에는 저희가 V 6.
",0
"T는 한 1060, 마이크론이라고 했으면 오리가미 같은 경우 저희가 1000 마이크론, 그래서 60 마이크는 좀 더 고운 천 마이크론 진행을 하겠습니다.
",0
"그래서 지금 저희 랩스익 같은 경우에는 아까 6.5였지만, 브이시스티가 제가 6.3 으로 브라인딩 해서 가지고 오겠습니다.
",0
"그래서 원두를 안에 드리퍼 안에 넣어주시고 세틀링을 한번 해주세요. 평평하게 될 수 있도록.
",0
"그리고 오리감, 에어레스피 같은 경우에는 특이한 점 같은 경우 처음에 뜬 물 양이 조금 더 평소보다 많아요.
",0
"그래서 타이머를 시작하면서 천천히 작은 원형으로 60g까지 코어링 해줍니다.
",0
"등수를 많이 가져가는 이유는 이게 V 식 T 보다. 추출 속도가 더 빠르기 때문에. 초반에 너무 적은 양의 추출수를 넣었다.
",1
"보면 추출을 많이 할 수 있는 산미나 그런 향미적인 요소들이 굉장히 덜 추출이 되거든요.
",1
"그래서 충분히 적셔주신 다음에 그다음에 한 45초 기다리시고 추출을 하실 건데, 다음에는 140g을 더 구워주실 거예요.
",1
"45초부터 이것도 조그마한 원형으로 200g까지 구워지는 거죠.
",1
"한 30초의 시간 내에 200g까지 도달을 하는 건데, 물을 부으실 때는 리브를 터치하지 않고 작은 원형, 그리고 다시 큰 원형.
",1
"그리시면서 1분 15초가 될 때까지 200g이 도달을 해야 돼요. 그래서 지금 딱 200g.
",1
"됐고, 이때부터 나머지 45g을 센터포어로 수출을 해줍니다.
",1
"그래서 250, 그리고 수출을 마지막으 했으면 살짝 흔들어주세요.
",1
"이것도 흔들어 주신 다음에 기다려 주시면 한 1분 55초 정도의 추출이 끝나거든요.
",1
"지금 딱 보시면 1분 55초에 추출이 끝났습니다.
",1
"오리가미, 에어에스 같은 경우는 어떤 다른 캐릭터들이 나타나냐면, 특히 게이샤나 이런 좀 더 워시트 커피를 드셨을 때 향미나 산미가 조금 더 밝게 다가오고.
",0
"그래서 이런 워시트, 게이샤나, 워시트, 에티오피아, 워시트, 코스타리카나 이쪽을 드셨을 때 오리가미 에어를 사용해서 드시면 좀 금 더 이 커피에 풍부한 향미나.
",0
"플레이버들을 잘 느끼실 수 있습니다. 그러면 그 오리가미 에어가 있으신 분들은 이 레시피 꼭 한번 도전해 보시고.
",0
"또 궁금하신 점 있으시면 댓글 남겨주시면 제가 답글 달아드리겠습니다.
",0
"안녕하십니까? 여러분, 이번 시간에는 제가 V60를 사용해서 게이샤 원두를 어떻게 더 여러분들.
",1
"집에서 아니면 사무실에서 더 맛있게 추출할 수 있는지 레시피를 공유해 드리도록 하겠습니다.
",1
"일단 준비물은 V60, 그리고 필터 져.
",1
"브라운 필터를 저희 사용하고, 그리고 예열을 굉장히 지금 충분히 된 V60를 지금 저희가 사용하고 있고요.
",1
"원두 같은 경우에는 제희가 16g을 또 도징을 했고, 물 온도는 95 도입니다. 그래서 일단 먼저 원두를 갈아올 건데.
",1
"게이샤를 추출하실 때 보통 저희 같은 경우에는. 일반 싱글 오리진보다는 게이샤 원도의 배전도가 약간 더 약 배전입니다.
",0
"그래서 조직이 더 단단하기 때문에 입자도 조금 더 곱게 분쇄를 하셔야 여러분들의 추출이 조금 더 잘 되기 때문에 그 점 유의해 주시고.
",0
"V60 같은 경우에는 저희 1030 1040 마이크론을 사용하고 있거든요.
",0
"랩스윗 같은 경우에는 한 6.4, 6.3 을 사용하고 있고.
",0
"여러분들, 그라인더에 따라 그러면 그 언스페셜티 커뮤니티에 가셔가지고.
",0
"분세도 입자를 한번 분석을 하시고 한 1030 에서 40 으로 맞추시는 거를 권장 드립니다.
",0
"그리고 또 물 같은 경우에는 평창수 아니면 아이시스 8.0추천드립니다. 일단 분쇄해서 보겠습니다.
",1
"자, 물이 95도에 도달했으면 타이머 시작과 동시에 작은 원형을 그리면서 40g까지 부워줍니다.
",1
"그리고 40초까지 뜸을 드릴 거고요.
",1
"게이샤를 추출할 때 유의할 점은 보통 저희가 게이샤를 추출할 때 이 커피에 어떤 뉘앙스를 우리가 추출할 거냐.
",0
"근데 보통은 게이샤 커피의 가장 매력적은인 향과, 그리고 굉장히 복합적인 산미와 그리고 과일 같은 뉘앙스들인데.
",0
"이런 이제 뉘앙스들을 잘 추출하기 위해서는 추출이 너무 빠르면 안 되거든요.
",0
"왜냐하면 물론 훌륭한 향과, 그리고 복합적인 산미, 그리고 과일 플레이버가 굉장히 매력적이지만, 그 뒤에 단맛이 받쳐줘야 커피가 굉장히 밸런스 있게 잡히기 때문에.
",0
"그거를 인제 진행하기 위해서 저희가 뜬 후에 천천히 작은 엄청 가는 물줄기로 부어주시면서 130g까지 부어주시고.
",1
"그런 다음에 130부터. 저희가 센터푸어를 할 거예요. 그래서 어떤 커피들은 제가 아까 보여드렸던 싱글.
",1
"커피들은 150g부터 추출을 진행을 했고, 이 게이샤 같은 경우에는 지금 130g부터 센터푸어 진행을 하는데.
",0
"센처푸어를 더 빨리 진행할수록 여기 인제 원두가 원두들이 추출되는 온수의 물에 인제.
",0
"물의 온도들이 훨씬 더 빠르게 올라가기 때문에 훨씬 더 추출적인 면모에서 안정성이 올라가서 그래서 추출력이 올라갑니다.
",0
"그래서 추출 시간은 한 2분 5초 정도로 예상하시면 되고 지금 딱 2분 한 2초 정도의 끝이 났습니다.
",1
"그래서 이렇게 추출하시면 여러분들도 훨씬 더 단맛이 좋으면서.
",0
"풍부한 향과 산미가 함께 밸런스과 조화를 이루어서 굉장히 맛있는 커피가 추출이 됩니다.
",0
"오유 200g을 사용하셔서 드시면 좋을 것 같습니다.
",0
"월픽을 통해서 꼭 한번 드셔보셨으면 좋겠습니다, 감사합니다, 안녕하세요. 304, 로스터스 송요민입니다.
",0
"이번 영상에서는 저희 핫 브루윙 레시피를 보여드릴 건데요.
",0
"모든 싱글 원두들은 한 가지의 레시피로 쉽고 간편하게 맛있게 드실 수 있을 겁니다.
",0
"그리고 저희 304 로스터스에서 보여드릴 커피는요.
",0
"커피마다 특색을 최대한 살리기 위해서 작은 디테일까지 신경을 굉장히 썼고요.
",0
"그리고 커피를 마실 때 마지막 한 모금까지 부담 없이 편안하게 드실 수 있는 커피들을 준비했습니다.
",0
"그리고 저희 이번 핫 브루잉에서 쓸 싱글 원두는 페루 싼 세바스티안 게이샤 워시들을 사용할 거고요.
",0
"데 리퍼의 경우는 향미를 최대한 살리기 위해서 하리오 V 6 를 사용할 거고, 물 온도는 93 도로 설장을 했습니다.
",1
"추출 비율은 원도 18g의 물량 270 을 이용한 1대 15 비율로 추출을 해보도록 하겠습니다.
",1
"린싱 먼저 하도록 할게요. 린싱을 하실 때는 드리퍼에서 필터지가 뜨지 않도록 최대한 잘 붙여서 사용해주시면 됩니다.
",0
"분세는 2, KK 43 기준, 8.5로 분쇄하도록 하겠습니다.
",1
"30g의 물을 사용해서 30초 동안 뜸드리기를 진행해 주겠습니다 하고 30초가 되면 1차 포어를 시작할 건데요.
",1
"깨끗한 향미 표현을 극대화하기 위해서는 잘 골고루 섞어준다는 느낌으로 좀 빠르게 추출을 진행해 볼게요.
",0
"고 50초가 되면 80g의 물을 부어줄 거고요. 추출 수위를 높여서 운동 에너지를 증가시켜서 추출력을 높여줄 겁니다.
",1
"그리고 1분 10초의 마지막 포어인 60g을 보어서 270g까지 맞춰줄게요.
",1
"추출 끝나는 시간은 2분에서 2분 20초 정도로 추천을 해드리고 있고요. 먹어보도록 하겠습니다.
",1
"게이샤 커피답게 자스민 같은 아로마가 굉장히 풍부하게 올라오고요.
",0
"화이트 와인 같은 스파클링한 느낌이 있고, 애프터의 꿀 같은 질감의 느낌에 되게 좋은 커피입니다. 잔을 사용하실 때는?
",0
"안녕하세요, 파스텔 커피웍스, 바리스타 정혜원입니다.
",0
"이번 영상에서는 파스텔 커피웍스가 투가식으로 따뜻한 브레잉을 어떻게 내리는지 소개해 드리려고 합니다.
",1
"저희 매장에서는 하리오 스위치 드리퍼를 사용해서 보통 침지식으로 커피를 추출을 하고 있지만, 처음부터 스위치를 내려서 사용하시게 되면은 투가식으로도 커피를 추출해 내실 수 있어요.
",0
"보통 사용하시는 드리퍼가 하리오의 V 식 스티이시거나 아니면 나눠서 투가식으로 커피를 추출하시는 분들에게는 이 방법을 권장해 드립니다.
",0
"서 오늘 함께 추출해 볼 커피는 저희 언 스페셜티 블랜드 프르티 버전 투입니다.
",0
"추출해 사용할 원도의 양은 총 19g입니다. 군세도는 2, K 43, S 기준으로 11입니다.
",1
"분쇄한 커피를 담기 전에는 꼭 드리퍼와 서버를 결합을 해주시고, 종이 필터를 넣은 채 린싱을 진행해 주세요.
",0
"종이 필터 린싱을 해주시게 되시면 종이 필터 냄새를 제거할 수도 있고.
",0
"또 저희가 목적으로 하고 있는 이 92도의 온도가 내려가지 않도록 방지하는 효과를 줄 수 있습니다.
",0
"이 커피 성분이 필터에 협착되는 것을 방지할 수 있어요.
",0
"충분히 린싱이 되었으면 물을 버리고 다시 드리퍼와 서버를 결합을 해주시고요.
",0
"이번에는 추가식으로 진행할 거기 때문에 스위치가 내려져 있는지 꼭 확인을 해주세요.
",0
"그리고 분쇄한 커피 18g을 담도록 하겠습니다. 커피 표면을 드리퍼를 살짝 흔들어서 평평하게 해주시고요.
",1
"이때 너무 드리퍼를 세게 흔드는 것보다는 가볍게 2, 3회 정도 흔들어서 평평하게 만들어 주시는 것을 추천해 드립니다.
",0
"저울 영 점을 잡으시고요. 92 도의 추출수를 준비를 해주세요.
",1
"뜸은 30g의 물을 가지고 30초 동안 드리도록 하겠습니다.
",1
"그리고 1차 포어는 30초가 지나면 100g의 물을 추가적으로 부어주도록 하겠습니다.
",1
"30초가 지나고 1분이 되었을 때 다시 100g의 불을 추가적으로 부어주도록 하겠습니다.
",1
"1분 30초가 되면은 마지막으로 50g을 부어줄 텐데요. 이때는 가운데에서 물을 부어주시면 되겠습.
",1
"그래서 280.
",1
"40 이 될 때까지 가운데에서 센터 포어로 진행해 주시면 됩니다. 추출은 2분, 30초에서 3분 내로 종료가 됩니다.
",1
"만약에 3분을 너무 훌쩍 넘는 시간이 걸렸다면은 분쇄들을 조금 굵게 가져가시는 것을 추천드립니다.
",0
"이제 드리퍼를 서버에서 제거하고 한번 저어주세요. 그리고 미리 예열한 잔 내에 담아서 드시면 됩니다.
",0
"오늘 추출한 프르티 버전 2 를 마셔보도록 하겠습니다. 후르티 버전 2 에서는요.
",0
"감귤의 산미가 잘 느껴지고 복숭아의 뉘앙스도 잘 느끼실 수 있어요.
",0
"그리고 부드러운 바닐라의 향미와 함께 밀크 초콜릿의 단맛이 잘 받춰주고 있습니다.
",0
"오늘 영상 시청해 주셔서 감사합니다.
",0
"안녕하세요, 펠트커피 이재현입니다.
",0
"이번 소개해 드릴 레시피는 하리오 V 60 을 사용한 저희 기본적인 레시피로 밸런스와 클린컵에 중점을 두고 만들어진 추출 레시피입니다.
",0
"이번 소개해 드리는 레시피는 저희 매장에서도 사용하고 있을 만큼 저희가 가장 추천드리는 레시피로 이 하리오 브이 유공을 통해서 추출 진행하도록 하겠습니다.
",1
"이 하리오 V.
",0
"유공 같은 경우에는 타 드리퍼 대비 긴 리브를 가지고 있는데, 이는 보다 빠른 추출 흐름을 보여줄 수 있는 드리퍼입니다.
",0
"이로 인해서 보다 가늘어진 분쇄도를 사용할 수 있고, 이로 인해 더 명확한 커피의 노트를 보여줄 수 있습니다.
",0
"필터는 리브와 충분히 접촉될 수 있도록 조금 여유를 두고 접어주시는 편이 좋습니다.
",0
"리브를 접어주신 후에 따뜻한 물로 충분히 예열을 진행해 주도록 합니다.
",0
"민싱하는 과정을 통해 커피 필터와 드리퍼는 보다 밀착하게 되어 추출 일관성을 유지하는 데 조금 더 도움이 됩니다.
",0
"커피는 18.5g을 사용해서 1대 16 비율로 추출하게 됩니다.
",1
"분쇄도는 구형 2, K 43 기준으로 8.5 정도의 분쇄도를 사용하며 900, 마이크론 기준으로 플러스 마이너스 50 정도로 생각해 주시면 됩니다.
",1
"이제 물이 예열되어서 추출 진행하도록 하겠습니다.
",0
"커피를 담아주신 후 강하게 충격을 주시는 것보다는 가볍게 두 번 정도 흔들어서 수평을 맞춰주시는 게 좋습니다.
",0
"물 온도는 95도로 추출을 진행하며 뜸은 40g 30초 진행하도록 하겠습니다.
",1
"30 초가 되었을 때 100g의 물을 넣어주도록 하겠습니다.
",1
"두 번째 가수는 1분 정도 되었을 때 다시 한번 100 미리 추가하도록 하겠습니다.
",1
"마지막 가수는 1분 30 초경에 60g 추가해서 총 300g의 물을 사용해 주시면 되겠습니다.
",1
"추출은 물이 다 빠질 때까지 기다려둔 후에 2분에서 2분 30초 사이에 추출이 되었다면은 완성입니다.
",1
"총 추출된 커피는 250 에서 260g 사이로 추출이 완료됩니다. 2번 추출한 파나마산 토스게이샤 네추럴.
",1
"커피 같은 경우에는 레몬그라스와 블루베리 같은 향미 볼 같은 단맛, 그리고 그린티와 같은 여운을 확인하실 수 있습니다.
",0
"감사합니다.
",0
"안녕하십니까? 여러분, 이번 시간에는 제가 V 6 T를 사용해서 게이샤 온드를 어떻게 더 여러분들.
",1
"집에서 아니면 사무실에서 더 맛있게 식출할 수 있는지 레시피를 공유해 드리도록 하겠습니다.
",0
"일단 준비물은 브이식스, 티, 그리고 필터 접.
",1
"브라운 필터를 저희 사용하고, 그리고 예어을 굉장히 지금 충분히 된 보이식스를 지금 저희가 사용하고 있고요.
",1
"원두 같은 경우에는 제희가 16g을 또 도징을 했고, 물 온도는 95 도입니다. 그래서 일단 먼저 원두를 갈아올 건데.
",1
"게이사를 추출하실 때 보통 저희 같은 경우에는. 일반 싱글 올리즘보다는 게이샤 원도의 배전도가 약간 더 약 배전입니다.
",0
"그래서 조직이 더 단단하기 때문에 입자도 조금 더 곱게 군쇄를 하셔야 여러분들의 추출이 조금 더 잘 되기 때문에 그 점 유의해 주시고.
",0
"V 식 T 같은 경우에는 저희 1030 1040 마이크론을 사용하고 있거든요.
",0
"랩스익 같은 경우에는 한 6.4, 6.3 을 사용하고 있고.
",0
"여러분들, 그라인더에 따라 그러면 그 언스페셜티 커뮤니티에 가셔가지고.
",0
"분세도 입자를 한번 분석을 하시고 한 1030 에서 40 으로 맞추시는 거를 권장 드립니다.
",0
"그리고 또 물 같은 경우에는 평창수 아니면 IC 스 8.0추천드립니다. 일단 분쇄해서 보겠습니다.
",0
"자, 물이 95도에 도달했으면 타이머 시작과 동시에 작금 원형을 그리면서 40g까지 그것입니다.
",1
"그리고 40초까지 뜸을 들릴 거고요.
",1
"게이샤를 추출할 때 유의할 점은 보통 저희가 게이샤를 추출할 때 이 커피에 어떤 리앙패를 우리가 추출할 거냐.
",0
"근데 보통은 데이샤 커피의 가장 매력적은 향과, 그리고 굉장히 복합적인 산미와 그리고 과일 같은 뉘앙스들인데.
",0
"이런 이제 뉘앙스들을 잘 추출하기 위해서는 추출이 너무 빠르면 안 되거든요.
",0
"왜냐하면 물론 훌륭한 향과, 그리고 복합적인 산미, 그리고 과일 플레이보가 굉장히 매력적이지만, 그 뒤에 단맛이 받쳐줘야 커피가 굉장히 밸런스 있게 잡히기 때문에.
",0
"그거를 인제 진행하기 위해서 저희가 뜬 후에 천천히 작은 엄청 가는 물줄기로 부어주시면서 백 30g까지 보어주시고.
",1
"그런 다음에 130부터. 저희가 센터포어를 할 거예요. 그래서 어떤 커피들은 제가 아까 보여드렸던 싱글.
",0
"커피들은 150g부터 추출을 진행을 했고, 이 게이 세 같은 경우에는 지금 130g부터 핸드폴 진행을 하는데.
",0
"캔더포어를 더 빨리 진행할수록 여기 인제 원두가 원두들이 추출되는 온수의 물에 인제.
",0
"물의 온도들이 훨씬 더 빠르게 올라가기 때문에 훨씬 더 추출적인 면모에서 안정성이 올라가서 그래서 추출력이 올라갑니다.
",0
"그래서 추출 시간은 한 2분 5초 정도로 예상하시면 되고 지금 딱 2분 한 2초 정도의 끝이 났습니다.
",1
"그래서 이렇게 추출하시면 여러분들도 훨씬 더 단맛이 좋으면서.
",0
"풍부한 향과 산미가 함께 밸런스과 조화를 이루어서 굉장히 맛있는 커피가 추출이 됩니다.
",0
"안녕하세요, 커피몽타주에서 로스팅하고 있는 이연석입니다.
",0
"이번 영상에서는 커피몽타주 매장과 동일한 커피몽타주의 브레잉 레시피를 소개합니다.
",0
"커피몽타주에서는 하리오 V 6 T 플라스틱 소재의 드리퍼를 사용하고 있습니다.
",1
"플라스틱 소재의 드리퍼는 열 전도율이 낮아서 드리퍼를 데우는 등의 이런 번거로움이 좀 적고 사인용 드리퍼를 사용하고 있는데.
",0
"사인용 드리퍼의 큰 크기는 물 주입을 한 번에 많이 할 때, 그런 내 시피를 사용할 때 용의점이 있습니다.
",0
"그리고 드립 필터는 저희는 케멕스 필터를 사용하고 있습니다.
",1
"케멕스 필터는 다른 필터에 비해 조금 두꺼운 편인데, 이 두꺼운 필터는 물 주입을 했을 때.
",0
"커피와 추출 수에 접촉시간을 늘려서 커피 추출을 좀 더 용이하게 만들어줍니다.
",0
"유속이 빠른 하리오 V 6트 드리퍼와 좋은 조합이라고 생각해서 선택하게 되었습니다.
",0
"커피는 한 잔의 16g을 사용하고 있습니다.
",1
"16g의 원두 용량은 1 인용에 적합한 용량이라고 생각하여서 16g을 사용하고 있습니다.
",1
"커피몽타주의 브로잉 레시피는 심플하면서도 누구나 따라 하기 쉽고 일관성 있는 추출 결과를 목표로 설계하였습니다.
",0
"로스팅 포인트에 따라서 분세도나 온도를 조절하여 총 추출 시간 2분에서 2분 30초를 목표로 분세도 조절을 통해서 추출 시간을 조절하시면 되겠습니다.
",1
"그러면 추출 시작하겠습니다. 소개할 커피는 여름의 맛 블랜딩입니다.
",0
"여름의 맛 블랜딩은 커피몽타주의 시즌 블랜딩인데, 이번에 언스페셜티와 함께 새롭게 구성하여 소개하게 되었습니다.
",0
"에티오피아와 콜롬비아를 블랜딩하여 따뜻한 나라에서 즐기는 열대 과일의 느낌을 가득 담았습니다.
",0
"로스팅 포인트는 미디움 라이트 포인트입니다. 네, 추추를 시작하겠습니다.
",0
"앞서 설명드린 대로 케믹스 필터를 사용하게 되는데, 반종이 향이 날 수 있으니 린싱을 충분히 해주시고 사용하시면 됩니다.
",0
"위디움 라이팅 로스팅에서는 분쇄도 900 마이크론을 추천드립니다.
",0
"16g의 커피를 사용하였고, 뜸은 40g의 물로 30초 동안 크겠습니다. 진행하겠습니다.
",1
"30초 뜸 들린 후 1차 물 주입을 120g 진행하겠습니다.
",1
"1차 물주의 푸 물이 거의 빠진 뒤에 3, 2차 물주입을 진행하게 되는데, 2차 물주입은 90g 진행하겠습니다.
",1
"앞서 말씀드린 대로 총 추출 시간은 2분에서 2분 30초를 목표로 합니다.
",1
"미디움 라이팅 로스팅의 핫 브레인 같은 경우에는 16g의 커피를 사용하여 총 추출 수 250g을 사용합니다.
",1
"추출 비율이 약 1대 15입니다. 그리고 물론 도는 93도의 물론 도를 사용하였습니다.
",1
"지금 추출하고 있는 여름의 맛 커피를 다크 로스팅으로도 소개하고 있습니다.
",0
"다크로스팅 여름의 맛의 경우에는 물론 도를 88 도로 낮춰주시고, 총 추출 수를 200g 넣어줍니다.
",0
"1대 12.5 의 추출 비율입니다
",0
"뜸은 동일하게 40g으로 30조 동안 진행한 후에 1차 물주입의 90g, 2차 물주입의 70g을 진행합니다.
",0
"총 200g의 추출수를 부어주시고, 추출이 끝난 후에 50g 정도를 취향에 따라서 바이패스하여 즐기시면 되겠습니다.
",0
"무더운 여름에 열대가일 느낌에 상큼한 여름에 마 커피를 맛있게 즐겨주시면 감사하겠습니다.
",0
"안녕하세요, 더반 베를 바리스타 김야입니다.
",0
"이번에 소개해 드릴 레시피는 더반 베를린 전체 원두에 사용 가능한 레시피이며, 지금 내려드릴 건 핫 레시피입니다.
",1
"도징량은 16g이며, 추출 레시피는 1대 1 15 비율로 잡고 있으며, 추출 시간은 3분 내외로 저희가 잡고 있습니다.
",1
"저희 더반 베를린 전 매장에서는 하리오 V60 을 전반적으로 사용 중이며, 브리스타 온도는 92도에서 93 도로 출출할 예정이며.
",1
"지금 소개해 드릴 원두는 브라질, 다테아로 카페인이라는 원두입니다.
",0
"품종은 아라모사라는 품종인데, 카페인의 함량이 더 적다고 보시면 됩니다.
",0
"원두는 총 17g을 사용할 거고, 물의 양은 245g, EK 43 기준 10.2 코만단테 기준으로는 25클릭으로 분쇄 예정입니다.
",1
"추출해보겠습니다. 우선 1차 푸어는 40g 30초 정도의 뜸 들이는 시간을 가져보도록 하겠습니다.
",1
"30초가 되면 160g 푸어하겠습니다. 또 1분 15초가 되면 245g까지 푸어해 주겠습니다.
",1
"보라색 계열의 체일이 부드럽고 로우 카페인인데, 단맛을 좀 느끼게 해줄 수 있는 그런 커피인 것 같습니다. 감사합니다.
",0
"안녕하세요, 커피몽타주의 로스터 이현성입니다.
",0
"이번 영상에서는 커피몽타주의 아이스 브르잉 레시피를 소개하겠습니다.
",1
"하리오 브이 시스티 드리퍼를 사용하여 커피몽타주 매장과 동일한 레시피로 소개하겠습니다.
",1
"추추로 진행할 커피는 언스페셜티와 같이 개발한 오래된 미래라는 블랜디입니다.
",0
"품종 계량과 다양하고 복잡한 가공 방식이 많아지고 있습니다.
",0
"이때 시작과 같은 커피 맛은 무엇일까 라는 고민에 답을 찾으며 개발하게 되었습니다.
",0
"커피의 발상지인 예맹과 에티오피아를 블랜딩하여 농익은 과일의 산미와 단맛, 그리고 와이니 안면서도 초콜레티한 향들을 풍부하게 담았습니다.
",0
"커피는 16g을 사용하겠습니다. 그리고 물 온도는 93도입니다.
",1
"아이스 레시피 같은 경우에는 16 9g의 커피를 사용하여 총 추출 수백 60g을 주입하겠습니다.
",1
"추출 비율로 1대 10 의 비율입니다.
",1
"뜸의 물의 양은 40g의 물을 10초 동안 주입하고, 원프어로 120g을 한 번에 주입한 후 추출을 끝내도록 하겠습니다.
",1
"수출 시작 전 커피 서버의 얼음 두 알을 담고 시작하겠습니다.
",1
"얼음 크기에 따라서 세 알에서 네 알 정도 담아주셔도 괜찮습니다.
",0
"아이스 레시피의 경우에는 40g의 뜸 양을 1분 동안 주입하겠습니다.
",1
"미디움 라이트 로스팅에 아이스 브로잉 레시피를 소개해 드렸습니다.
",0
"다크 로스팅 포인트에 아이스 브로잉을 하실 때에는 동일한 레시피를 적용해 두시되 물론도 만 88도로 설정해 주시면 되겠습니다.
",1
"맛있게 즐겨주세요, 감사합니다.
",0
"안녕하세요, 디플루레이크 이철원입니다. 아이스는 핫이랑 분쇄도는 똑같아요. 그 대신 커피 양이 달라지고요.
",0
"예, 투출양도 좀 달라집니다.
",0
"먼저 서버에 얼음 100g을 담아주세요, 마찬가지로 린싱은 충분히 적셔질 때까지 잘 해주시면 좋고요.
",1
"커피는 22g 사용합니다. 그리고 내리는 양은 221대 10 비율이에요. 간단하죠. 오늘 갈를게요.
",1
"아이스와 사컵은 똑같은 분세도를 사용하고 있어요. 지금 이 원스펠티 베리베리, 웨이크 블랜딩 향이 진짜 엄청나네요.
",0
"맛있겠는데 그래서 좀 다른 거는 어떻게 하냐면 처음에 많이 담았기 때문에 뜸들이는 양도 많아지고요.
",0
"그래서 60g의 뜸을 들여야 되고, 그다음에 첫 번째 내렸을 때가 110g을 내려요.
",1
"앞부분을 더 많이 뽑아낼 수 있게끔 만들어지고, 그다음 170g까지 맞춘 다음에 220g까지 총 50g 내리시면 됩니다.
",1
"처음이 뜸 60g, 110g, 50g, 물론 도는 똑같이 93도를 쓸게요.
",1
"쓸 마찬가지로 처음이랑 두 번째는 와류를 줍니다. 뜸은 60g을 쓸 거고요.
",1
"충분히 접세지 있게 가늘게 꿈을 들여주시면 됩니다. 커피 양이 많아지기 때문에 뜸 들리는 물 양도 당연히 많아져야 돼요.
",0
"그리고 똑같이 30초가 지났을 때 지금 내리는 거는 언스펠티에 블랜드고요, 레이크 베리베리, 레이크, 블랜딩이에요.
",1
"와류를 똑같은 방향으로 한 방을 주시고 그다음에 천천히 부어주시면 됩니다.
",1
"이 블루밍이 깨지지 않게끔 저는 유지를 많이 하려고 하는 편이에요.
",0
"어떤 경우는 보면은 이렇게 안에를 파서 일정 야게끔 만드시잖아요.
",0
"이게 어떻게 보면 처음 내리고 나서 보면은 똑같은 그런 모양이 돼요.
",0
"1분이 됐을 때 마지막으로 한 번 더 똑같은 방향으로 천천히 230g 지금 내렸습니다.
",1
"220 에서 230 정도 내리셔도 상관은 없어요. 간단하죠, 끝이에요.
",1
"다 내려갈 때까지 내린 다음 물이 다 내려오면 그다음에 얼음 100g을 다시 추가로 넣어줍니다.
",1
"내리는 시간은 보통 2분 정도까지 보시면 돼요. 엄청 짧아요.
",1
"그리고 어느 정도 다 내렸다고 생각하시면 그냥 간단하게 기다리시지 말고 그냥 빼셔도 됩니다.
",0
"얼음 100g을 맞춰서 얼음 100g을 하셨다면 얼음과 이 커피 음료가 제대로 안 섞여 있기 때문에 여러 번 돌려서.
",0
"빠시면 되고요. 한번 셔서 다 이렇게 드시면 돼요, 저도 한번 맛을 볼게요.
",0
"제 컵을 따로 해서 베리베리 블린딩은 좀 어떻게 보면은 올 주가를 좋아하시는 월피커 분들을 위해서 만든 커피인 것 같기도 해요.
",0
"왜냐하면 워시드 커피보다 네 트러 커피가 아이스커피에 더 잘 어울린다고 생각하거든요.
",0
"아이스커피는 이렇게 즐겨주시면 너무 감사할 것 같아요.
",0
"향을 모아줄 수 있는 이런 오목한 잔을 추천을 해드리는데요.
",0
"커피의 맛과 향이 동시에 느껴져서 더 맛있게 즐기실 수 있습니다. 감사합니다, 안녕하세요.
",0
"304, 로스터스 송요민입니다. 이번 영상에서는 수정과 블랜딩을 이용해서 아이스 브루윙 레시피를 보여드릴게요.
",1
"수정과 블랜드는 코스파리카 카페대, 알뚜라 농장의 무산소 네추럴 블랜드고요.
",0
"같은 농장에 같은 가공 방식이지만 품종이 달라요. 버번, 밀레니오, 옐로카트아이가 블랜드된 커피이고요.
",0
"같은 듯하지만 다른 느낌에 재미있는 커피입니다. 추출을 해보도록 할 건데요. 드리퍼는 하류 V 6 를 이용할 거고요.
",1
"물 온도는 93도로 맞췄습니다.
",1
"추출 비율은 원도 18g에 200g의 물량을 이용해서 1대 약 11 비율로 추출을 해보도록 하겠습니다.
",1
"민싱을 먼저 해줄게요. 분세도는 2, KK 43 기준 8 로 분쇄를 해줄 겁니다.
",1
"그리고 저희 아이스 브링 레시피 포인트는 포어링을 할 때 일정하게 물의 수위를 유지해 주면서 성분 추출이 골고루 이루어질 수 있도록 하는 게 포인트예요.
",0
"추출을 시작해 보도록 하겠습니다.
",1
"30g의 물을 이용해서 30초 동안 뜸을 들여줄게요, 고 30초가 되면 50g의 물을 이용해서 요거도 월요일 해줍니다.
",1
"월리고 50초가 되면 60g의 물을 이용해서 구어주고요. 이때부터는 수위가 너무 높아지지 않도록 신경 써주세요.
",1
"고 1분 10초가 되면 나머지 60g의 물을 포화해줍니다.
",1
"아이스 브루잉 추출 시간 같은 경우도 핫 브루잉 레시피처럼 2분에서 2분, 20초까지 가주시면 되고요.
",1
"그럼 분쇄도는 핫 브윙 레시피보다 조금 더 고운 세팅으로 잡아주시는 게 좋습니다.
",1
"그리고 추출이 끝나면 서버에 얼음 200g을 넣어줄 건데요. 빠르게 냉각을 시켜줍니다.
",1
"얼음이 가득 담긴 찬을 부어줄게요. 한번 마셔보도록 하겠습니다.
",0
"정말 블랜드 이름답게 스파이시한 계피 양이 올라오면서 조첨 같은 반맛과 질감이 되게 정말 이름 그대로 수정과 같은 느낌이고요.
",0
"그리고 한 가지 저희가 추천을 드리자면 이 흑설탕 시럽을 한번 넣어서 먹어볼게요.
",0
"이 흑설탕 실럽을 넣으시면 이 커피의 단맛이 극대화되면서 커피가 가지고 있던 기존의 향미들도 더욱더 잘 느끼실 수 있을 거예요.
",0
"흑설탕 실럽 설탕 비율은 흙설탕 2에 뜨거운 물 1 비율로 제조를 해주시면 되고요.
",0
"실럽은 8 에서 10g 정도 기호에 맞게 드시면 될 것 같습니다. 감사합니다.
",0
"안녕하세요, 펠트 커피 이재연입니다.
",0
"이번 소개해 드릴 레시피는 보다 묵직한 바디감의 커피를 선호하시는 분들을 위한 레시피로 클래버 3 4 인용 드리퍼를 사용한 침출식 레시피입니다.
",1
"이 클레버 같은 경우에는 침출식 드리퍼로 보다 간편하게 묵직하고 깔끔한 커피를 만들 수 있습니다.
",0
"필터는 가볍게 접어주시고 따뜻한 물로 충분히 예열해 줄 수 있도록 합니다.
",0
"이번 레시피는 커피 18.5g을 사용하여 1대 16 비율로 추출합니다.
",1
"분쇄도는 구형 eK 43 기준으로 9.5 포인트 1100, 마이크론에서 플러스 마이너스 50 정도로 생각해 주시면 되겠습니다.
",1
"커피를 평평하게 만들어 주실 때에는 너무 강한 충격을 주시는 것보다 천천히 두 번 정도 흔들어주시는 게 좋습니다.
",0
"추출 온도는 95 도로 예열이 완료되었다면은 추출 시작하도록 하겠습니다.
",1
"뜸은 60g 30초 진행하도록 하겠습니다. 물을 넣어주신 후에는 좌우로 10번 충분히 저어줄 수 있도록 합니다.
",1
"이후 30초가 되었다면 물을 300 미리까지 넣어주도록 하겠습니다.
",1
"이때 물은 커피가 충분히 적셔질 수 있도록 강하게 부어주도록 합니다.
",0
"이번 추출하는 코스타리카, 에르바지오, 살로케, 세미, 워시드 같은 경우는 안토니오 바란테스 가족이 운영하는 농장입니다.
",0
"펠트 커피에서는 2015년 방문을 처음으로 지금까지 다이렉트 트레이드를 이어오고 있는 만큼 보다 훌륭한 커피 품질을 확인하실 수 있습니다.
",0
"추출은 2분 30초가 되었을 때 준비하신 서버에 옮겨주실 수 있도록 합니다.
",1
"서버는 예열을 해서 준비해 주실 수 있도록 합니다. 서버에 옮겨주시기 전 네 번 좌우로 강하게 저어줍니다.
",0
"물이 충분히 빠질 때까지 기다려주며 총 추출 시간은 4분이 되었을 때 제거해 주시면 되겠습니다.
",1
"내 총 추출한 커피는 220g에서 240g 정도로 생각해 주시면 되겠습니다.
",1
"이번 추출한 쌀로케의 세미 워시드 같은 경우에는 블루베리와 라임 같은 플레이버, 그리고 허브와 같은 에프터 테이스트를 느끼실 수 있습니다.
",0
"네, 안녕하세요. 파스텔 커피, 워스, 바리스타 정혜원입니다.
",0
"이번 영상에서는 파스텔 커피 워스의 아이스 브르잉 레시피를 소개해 드리려고 하는데요.
",1
"저희 매장에서 사용 중인 하리오 스위치 드리퍼를 사용해 알려드리도록 하겠습니다.
",1
"이 하리오 스위치 드리퍼 내부에는 세 구슬이 있어요.
",0
"그래서 스위치를 올려서 사용하시면 이 세 구슬이 물 빠짐을 방지해서 침지식으로 커피를 추출할 수 있고요.
",0
"처음부터 스위치를 내려서 사용하시면 투가식으로도 사용하실 수 있다는 장점을 가지고 있는 드리퍼입니다.
",0
"그래서 오늘은 아이스 브르잉을 우간다 음 발레 내추럴 커피를 가지고 침지식으로 설명을 드리겠습니다.
",0
"오늘 브르잉 레시피에 사용할 원도의 양은 총 19g이고요. 분쇄도는 2, K 43, S 기준으로 10.5일입니다.
",1
"은쇄한 커피를 담기 전에는 꼭 이 드리퍼를 종이 필터리를 넣고 린싱을 해주겠습니다.
",0
"이렇게 충분히 린싱을 하는 이유는요.
",0
"종이 필터의 냄새를 제거하고, 또 저희가 추출수로 사용하는 92도의 물을 온도가 떨어지지 않도록 하는 효과도 있고요.
",0
"이 커피 성분이 필터에 흡착되는 것에 막아주는 효과를 가지고 있기 때문에 저희는 종이 필타를 항상 드리퍼에 넣고 린싱을 진행하고 있습니다.
",0
"그리고 아이스 브르잉 레시피기 때문에 유리 서버에 60g 정도의 얼음을 담아서 수출을 시작하겠습니다.
",1
"준비한 유리 서버의 드리퍼를 드 장착하시고, 이 드리퍼의 스위치가 꼭 올라가져 있는지 확인을 해주세요.
",0
"그리고 분쇄한 커피 19, 그람을 드리퍼 안에 담아주세요.
",1
"이 커피 표면이 평평해질 수 있도록 드리퍼를 두 번에서 세 번 정도 가볍게 흔들어서 커피 표면이 평평해질 수 있도록 해주세요.
",0
"이때 너무 드리퍼를 과도하게 흔들기보다는 가볍게 흔들어서 커피 표면을 평평하게 만드는 것을 추천드립니다.
",0
"92도의 추출수를 160g 푸어에서 추출을 진행하도록 하겠습니다.
",1
"항상 저울 영 점이 맞춰져 있는지 확인하시고, 타이머을 누르면서 시작하겠습니다.
",1
"침지식으로 커피를 추출하기 때문에 너무 천천히 물을 부어주시면 추출에 필요한 시간이 충분히 확보가 되지 않으실 수 있어요.
",0
"그래서 아이스 레시피인 경우에는 15초에서 16초 사이에 수출을 완료하시는 것을 추천드립니다.
",1
"이제 1분 40초가 되면 이 나무 막대를 가지고 총 10번의 스퍼를 줄 건데요.
",1
"스퍼를 줄 때는 너무 빨리 저으시거나, 아니면 이 드리퍼 외벽 면을 긁으시면서 진행하게 되셨을 때 좀 불쾌한 텁텁함.
",0
"또는 쓴 막까지 같이 추출될 수 있으니 이 점 유의해 주세요. 마호막대로 스터를.
",0
"줄 때는 수위치를 내리면서 진행하도록 하겠습니다. 추출은 2분 30초에서 3분 내로 종료가 됩니다.
",1
"만약에 3분을 너무 훌쩍 넘어서 추출이 완료가 된다면 분쇄도를 조금 굵게 가져가시는 것을 추천드려요.
",0
"물이 다 빠지면 드리퍼를 서버에서 제거하고.
",0
"아이스 브루잉인 경우에는 유리 서버에 얼음을 넣고 시작했기 때문에 이 얼음을 충분히 다 녹을 수 있게끔 저어주셔야 합니다.
",0
"그리고 미리 준비한 얼음잔에 담아주시면 추출은 추 완료입니다. 오늘 추출한 커피를 마셔보도록 하겠습니다.
",1
"오늘 추출한 우간다 음 발레 내추럴 커피는요. 처음 먹자마자 새콤한 좌두나 딸기의 산미가 선명하게 느껴지고요.
",0
"이후에 초콜릿의 단맛이 아주 길게 잘 느껴지고 있어요. 오늘 영상 시청해 주셔서 감사합니다.
",0
"안녕하세요, 딥블루레이크 이철원입니다. 아이스는 핫이랑 분쇄도는 똑같아요. 그 대신 커피 양이 달라지고요.
",0
"예, 추출양도 좀 달라집니다.
",0
"먼저 서버에 얼음 100g을 담아주세요, 마찬가지로 린싱은 충분히 적셔질 때까지 잘 해주시면 좋고요.
",1
"커피는 22g 사용합니다. 그리고 내리는 양은 1대 10 비율이에요. 간단하죠. 원두 갈을게요.
",1
"아이스와 사컵은 똑같은 분세도를 사용하고 있어요. 지금 이 원스페셜티 베리베리, 레이크 블랜딩 향이 진짜 엄청나네요.
",0
"맛있겠는데 그래서 좀 다른 거는 어떻게 하냐면 처음에 많이 담았기 때문에 뜸들이는 양도 많아지고요.
",0
"그래서 60g의 뜸을 들여야 되고, 그다음에 첫 번째 내렸을 때가 110g을 내려요.
",1
"앞부분을 더 많이 뽑아낼 수 있게끔 만들어지고, 그다음 170g까지 맞춘 다음에 220g까지 총 50g 내리시면 됩니다.
",1
"처음이 뜸 60g, 110g, 50g, 물론 도는 똑같이 93도를 쓸게요.
",1
"쓸 마찬가지로 처음이랑 두 번째는 와류를 줍니다. 뜸은 60g을 쓸 거고요.
",1
"충분히 적셔지게 가늘게 뜸을 들여주시면 됩니다. 커피 양이 많아지기 때문에 뜸 들이는 물 양도 당연히 많아져야 돼요.
",0
"그리고 똑같이 30초가 지났을 때 지금 내리는 거는 언스페셜티에 블랜드고요, 레이크 베리베리, 레이크, 블랜딩이에요.
",1
"와류를 똑같은 방향으로 한 방을 주시고 그다음에 천천히 부어주시면 됩니다.
",0
"이 블루밍이 깨지지 않게끔 저는 유지를 많이 하려고 하는 편이에요.
",0
"어떤 경우는 보면은 이렇게 안에를 파서 일정 하게끔 만드시잖아요.
",0
"이게 어떻게 보면 처음 내리고 나서 보면은 똑같은 그런 모양이 돼요.
",0
"1분이 됐을 때 마지막으로 한 번 더 똑같은 방향으로 천천히 230g 지금 내렸습니다.
",1
"220 에서 230 정도 내리셔도 상관은 없어요. 간단하죠, 끝이에요.
",1
"다 내려갈 때까지 내린 다음 물이 다 내려오면 그다음에 얼음 100g을 다시 추가로 넣어줍니다.
",1
"내리는 시간은 보통 2분 정도까지 보시면 돼요. 엄청 짧아요.
",1
"그리고 어느 정도 다 내렸다고 생각하시면 그냥 간단하게 기다리시지 말고 그냥 빼셔도 됩니다.
",0
"얼음 100g을 맞춰서 얼음 100g을 하셨다면 얼음과 이 커피 음료가 제대로 안 섞여 있기 때문에 여러 번 돌려서.
",0
"빠시면 되고요. 한번 셔서 다 이렇게 드시면 돼요, 저도 한번 맛을 볼게요.
",0
"제 컵을 따로 해서 베리베리 블린딩은 좀 어떻게 보면은 올 주가를 좋아하시는 월피커 분들을 위해서 만든 커피인 것 같기도 해요.
",0
"왜냐하면 워시드 커피보다 네 트러 커피가 아이스커피에 더 잘 어울린다고 생각하거든요.
",0
"아이스커피는 이렇게 즐겨주시면 너무 감사할 것 같아요.
",0
"감사합니다, 안녕하세요, 펠트 커피 이재현입니다.
",0
"이번 소개해 드릴 레시피는 보다 묵직한 바디감의 커피를 선호하시는 분들을 위한 레시피로 클래버를 사용한 침출식 추출 방법입니다.
",1
"클레버 드리퍼의 경우에는 종이 필터를 사용해서 보다 간편하게 묵직한 커피를 추출할 수 있습니다.
",0
"종이 필터를 가볍게 접어주신 뒤 뜨거운 물로 충분히 린싱 해줄 수 있도록 합니다.
",0
"린싱을 통해 리브의 종이가 잘 밀착될 수 있도록 하고, 예열이 될 수 있도록 충분히 물을 부어줍니다.
",0
"아이스 레시피의 경우 18.5g의 커피를 사용해서 1대 10 비율로 추출합니다.
",1
"분쇄도는 구형 eK 43 기준으로 9.5 포인트 1000, 마이크론에서 플러스 마이너스 50 정도로 생각해 주시면 되겠습니다.
",1
"커피를 평평하게 해주실 때는 강한 충격을 주시는 것보다 가볍게 좌우로 두 번 정도 흔들어주시는 게 좋습니다.
",0
"추출수 온도는 95 도로 예열이 완료되었다면 추출 시작하도록 하겠습니다.
",1
"뜸은 60g 30초 진행하도록 하겠습니다. 물을 부어준 후에는 좌우로 10번 충분히 저어주도록 하겠습니다.
",1
"이후 30초가 되었을 때 나머지 물을 넣어서 185g이 되게끔 물을 넣어줍니다.
",1
"이때 커피가 잘 적셔질 수 있도록 충분히 크게 물을 넣어주면 감사하겠습니다.
",0
"기다리시는 동안 얼음을 100미리 준비해 두도록 하겠습니다.
",1
"3분이 되었을 때 준비된 서버의 클레버를 내려주도록 하겠습니다.
",1
"내려주실 때는 커피를 4회 좌우로 충분히 저어주시면 감사하겠습니다. 총 추출 시간은 4분 30초로.
",1
"물이 충분히 빠질 때까지 기다려 주시면 감사하겠습니다.
",0
"추출이 완료되셨다면 클래버를 제거하고 준비한 얼음잔에 커피를 옮겨주시면 되겠습니다.
",1
"이번 추출한 코스타리카 에르바주산 로켓 네츄럴 커피는 포도와 와인을 가득 먹금은 거와 같은 플레이버와 오렌지와 같은 달콤한 여운을 느끼실 수 있습니다.
",0
"안녕하십니까? 여러분, 요즘 여러분들이 많이 또 사용하고 계시는 오리가미 에어 S로 추출을 한번 해보고.
",1
"만약에 오리가미가 집에 있으신 분들은.
",0
"이 레시피를 참고하신 다음에 저희 센터커피 원두를 추출하시면 어떻게 더 맛있게 내릴 수 있는지.
",0
"제가 레시피 가이드를 보여드리려고 합니다. 일단은 당연히 필요한 거는 오리가미 에어 S고요.
",1
"그리고 저희 필터 같은 경우에는 많은 분들이 칼리타 필터 아니면 V60.
",1
"필터나 카펙 필터 여러 가지 많이 사용하시지만, 이번에 제가 사용할 필터 같은 경우에는 칼리타 185 사이즈 필터고 흰색이고요.
",1
"이것도 지금 제가 굉장히 충분히 린싱을 많이 진행을 했고, 또 필요한 준비물은 원두 16g.
",1
"제가 지금 추출할 커피는 과테말라 라 에르모사 농장의 에티오피아 게이샤입니다.
",0
"그리고 이건 16g을 사용을 할 거고 물은 저희가 250g 이 필요할 거고요.
",1
"그리고 주전자 온도는 세팅한 게 96도입니다.
",1
"이 오리가미 에어 같은 경우에는 그냥 일반 V60 보다 추출 속도가 조금 더 빨라요.
",0
"그래서 저희가 입자 사이즈 같은 경우에는 저희가 V60는 한 1060, 마이크론이라고 했으면 오리가미 같은 경우 저희가 1000 마이크론, 그래서 60 마이크론 좀 더 고운 천 마이크론 진행을 하겠습니다.
",1
"그래서 지금 저희 랩스윗 같은 경우에는 아까 6.5였지만, V60가 제가 6.3 으로 그라인딩해서 가지고 오겠습니다.
",0
"그래서 원두를 안에 드리퍼 안에 넣어주시고 세틀링을 한번 해주세요. 평평하게 될 수 있도록.
",0
"그리고 오리가미 에어 레시피 같은 경우에는 특이한 점 같은 경우 처음에 뜸 물 양이 조금 더 평소보다 많아요.
",0
"그래서 타이머를 시작하면서 천천히 작은 원형으로 60g까지 푸어링 해줍니다.
",1
"등수를 많이 가져가는 이유는 이게 V60 보다. 추출 속도가 더 빠르기 때문에. 초반에 너무 적은 양의 추출수를 넣었다.
",0
"보면 추출을 많이 할 수 있는 산미나 그런 향미적인 요소들이 굉장히 덜 추출이 되거든요.
",0
"그래서 충분히 적셔주신 다음에 그다음에 한 45초 기다리시고 추출을 하실 건데, 다음에는 140g을 더 부워주실 거예요.
",1
"45초부터 이것도 조그마한 원형으로 200g까지 부워지는 거죠.
",1
"한 30초의 시간 내에 200g까지 도달을 하는 건데, 물을 부으실 때는 리브를 터치하지 않고 작은 원형, 그리고 다시 큰 원형.
",1
"그리시면서 1분 15초가 될 때까지 200g이 도달을 해야 돼요. 그래서 지금 딱 200g.
",1
"됐고, 이때부터 나머지 45g을 센터푸어로 추출을 해줍니다.
",1
"그래서 250, 그리고 추출을 마지막으로 했으면 살짝 흔들어주세요.
",1
"이것도 흔들어 주신 다음에 기다려 주시면 한 1분 55초 정도의 추출이 끝나거든요.
",1
"지금 딱 보시면 1분 55초에 추출이 끝났습니다.
",1
"오리가미, 에어에스 같은 경우는 어떤 다른 캐릭터들이 나타나냐면, 특히 게이샤나 이런 좀 더 워시드 커피를 드셨을 때 향미나 산미가 조금 더 밝게 다가오고.
",0
"그래서 이런 워시드, 게이샤나, 워시드, 에티오피아, 워시드, 코스타리카나 이쪽을 드셨을 때 오리가미 에어를 사용해서 드시면 좀 금 더 이 커피에 풍부한 향미나.
",0
"플레이버들을 잘 느끼실 수 있습니다. 그러면 그 오리가미 에어가 있으신 분들은 이 레시피 꼭 한번 도전해 보시고.
",0
"또 궁금하신 점 있으시면 댓글 남겨주시면 제가 답글 달아드리겠습니다.
",0
"향을 모아줄 수 있는 이런 오목한 잔을 추천을 해드리는데요.
",0
"커피의 맛과 향이 동시에 느껴져서 더 맛있게 즐기실 수 있습니다. 감사합니다, 안녕하세요.
",0
"304, 로스터스 송요민입니다. 이번 영상에서는 수정과 블랜딩을 이용해서 아이스 브루잉 레시피를 보여드릴게요.
",1
"수정과 블랜드는 코스파리카 카페대, 알뚜라 농장의 무산소 네추럴 블랜드고요.
",0
"같은 농장에 같은 가공 방식이지만 품종이 달라요. 버번, 밀레니오, 옐로카트아이가 블랜드된 커피이고요.
",0
"같은 듯하지만 다른 느낌에 재미있는 커피입니다. 추출을 해보도록 할 건데요. 드리퍼는 하리오 V60를 이용할 거고요.
",1
"물 온도는 93도로 맞췄습니다.
",1
"추출 비율은 원두 18g에 200g의 물량을 이용해서 1대 약 11 비율로 추출을 해보도록 하겠습니다.
",1
"린싱을 먼저 해줄게요. 분쇄도는 eK 43 기준 8 로 분쇄를 해줄 겁니다.
",0
"그리고 저희 아이스 브루잉 레시피 포인트는 푸어링을 할 때 일정하게 물의 수위를 유지해 주면서 성분 추출이 골고루 이루어질 수 있도록 하는 게 포인트예요.
",0
"추출을 시작해 보도록 하겠습니다.
",0
"30g의 물을 이용해서 30초 동안 뜸을 들여줄게요, 30초가 되면 50g의 물을 이용해서 요거도 월요일 해줍니다.
",1
"월리고 50초가 되면 60g의 물을 이용해서 부어주고요. 이때부터는 수위가 너무 높아지지 않도록 신경 써주세요.
",1
"1분 10초가 되면 나머지 60g의 물을 푸어해줍니다.
",1
"아이스 브루잉 추출 시간 같은 경우도 핫 브루잉 레시피처럼 2분에서 2분, 20초까지 가주시면 되고요.
",1
"그럼 분쇄도는 핫 브루잉 레시피보다 조금 더 고운 세팅으로 잡아주시는 게 좋습니다.
",0
"그리고 추출이 끝나면 서버에 얼음 200g을 넣어줄 건데요. 빠르게 냉각을 시켜줍니다.
",1
"얼음이 가득 담긴 찬을 부어줄게요. 한번 마셔보도록 하겠습니다.
",0
"정말 블랜드 이름답게 스파이시한 계피 양이 올라오면서 조첨 같은 반맛과 질감이 되게 정말 이름 그대로 수정과 같은 느낌이고요.
",0
"그리고 한 가지 저희가 추천을 드리자면 이 흑설탕 시럽을 한번 넣어서 먹어볼게요.
",0
"이 흑설탕 실럽을 넣으시면 이 커피의 단맛이 극대화되면서 커피가 가지고 있던 기존의 향미들도 더욱더 잘 느끼실 수 있을 거예요.
",0
"흑설탕 실럽 설탕 비율은 흙설탕 2에 뜨거운 물 1 비율로 제조를 해주시면 되고요.
",0
"실럽은 8 에서 10g 정도 기호에 맞게 드시면 될 것 같습니다. 감사합니다.
",0
"안녕하세요, 파스텔 커피 웍스, 바리스타 정혜원입니다.
",0
"이번 영상에서는 하리오 스위치 드리퍼를 가지고 추가식으로 아이스 브루잉 레시피를 알려드리도록 하겠습니다.
",1
"이 하리오 스위치 드리퍼는요.
",0
"스위치를 올려서 처음부터 사용하게 되시면 침지식으로 커피를 추출하실 수 있지만, 처음부터 스위치를 내려서 사용하시면 투과식으로도 사용하실 수 있다는 장점이 있어요.
",0
"그래서 평소에 사용하시던 드리퍼가 하리오에 V60시거나 아니면 투과식으로 평소에 커피를 즐겨 드셨다면 이 레시피를 사용하시면 될 것 같습니다.
",0
"오늘 투과식 아이스 브르링 레시피에 사용할 커피는 에 TOP 아, 벤치마이 무산소 네추럴 커피입니다.
",0
"그래서 사용할 원두의 양은 총 19g이고요. 분쇄도는 eK 43, S 기준으로 10.9입니다.
",1
"분쇄한 커피를 담기 전에 이 유리 서버에 60g의 얼음을 미리 담아주세요.
",1
"그리고 드리퍼를 올리기 전에 이 종이 필터를 넣어서 린싱을 꼭 진행을 해주세요.
",0
"이렇게 종이 필터 린싱을 하게 되면은 총 세 가지의 효과를 줄 수 있는데요.
",0
"종이 필터의 냄새를 제거할 수 있고, 드리퍼와의 열교환을 통해서 저희가 목적으로 하고 있는 92도의 추출 수의 온도가 내려가는 것을 방지할 수 있고요.
",0
"그리고 커피 성분이 필터에 흡착되는 것을 방지할 수 있습니다.
",0
"민싱이 충분히 되었다면 이제 서버와 드리퍼를 결합을 해주시고요.
",0
"투과식이기 때문에 스위치가 이번엔 내려가져 있는지 꼭 확인을 해주세요.
",0
"영점이 잘 맞춰져 있는지, 타이머에 시간이 영에 가 있는지 꼭 확인을 해주세요.
",0
"분쇄한 커피 19g을 담도록 하겠습니다.
",1
"분쇄한 커피를 담은 뒤에는 드리퍼를 가볍게 흔들어서 커피 표면을 평평하게 해주세요.
",0
"이제 92도의 물을 가지고 35초 동안 40g의 물을 부어서 뜸을 들여주도록 하겠습니다.
",1
"35초가 되면은 추가적으로 60g의 물을 부어주도록 하겠습니다.
",1
"30초가 지나고 1분 5초가 되었을 때 추가적으로 60g의 물을 부어주도록 할게요,160g까지 물을 푸어해 주시면 됩니다.
",1
"드리퍼 안에 물이 다 빠졌으면 드리퍼를 서버에서 해체하시고, 서버에 담긴 얼음이 충분히 녹을 수 있도록 잘 저어주세요.
",1
"미리 준비한 얼음잔에 부어주시면 완성입니다.
",1
"오늘 추출한 에티오피아 벤치마지 게샤 무산소 네추럴. 커피를 마셔보도록 하겠습니다.
",1
"오늘 먹었을 때는 되게 망고나 구아바 같은 열대 과일이 떠오르고요.
",0
"그다음 자두나 포도 같은 새콤한 산미와 함께 카카오니스의 쌉쌀한 후미도 잘 느껴지고 있습니다.
",0
"오늘 영상 시청해 주셔서 감사합니다.
",0
"안녕하세요. 폰트 커피에서 근무 중인 바리스타 김유리입니다.
",0
"이번 영상에서는 폰트 커피에서 사용하고 있는 따뜻한 브루잉 레시피를 알려드릴 건데요.
",1
"하나의 레시피로, 누구나 맛있는 한 잔을 내릴 수 있습니다.
",0
"제가 소개해 드릴 커피는 월픽에서 만나보실 수 있는 펠로 베아비스타 게이사 워시드인데요.
",0
"그럼 간단하게 레시피를 알려드릴게요. 저희가 사용하는 원두의 양은 20g입니다.
",0
"물 온도는 94도로 설정하겠습니다. 저희가 사용하는 드리퍼는 칼리타 웨이브 185인데요.
",1
"함께 사용하는 필터는 칼리타 웨이브 필터입니다.
",1
"드리퍼의 원형 리브와 필터의 리브가 만나면 드리퍼와의 접촉을 줄이고, 공기의 흐름을 원활하게 해서 부드럽고 균형감 있는 커피를 추출하실 수 있습니다.
",0
"저희 분쇄도는 eK 43 기준으로 10 으로 설정했습니다. 그리고 코만단테 기준으로는 26 클릭입니다.
",1
"시작 하겠습니다. 보온 효과와 필터의 잔맛을 덜기 위해서 린싱 작업을 합니다. 그럼 이제 커피 추출을 시작할게요.
",0
"30 에서 35g 사이에 34 초간 뜸을 드립니다. 뜸은 8초 안에 끝나는 것이 좋고요.
",1
"1차는 120g 투화하겠습니다.
",1
"일정한 물줄기를 사용해서 중심에서 바깥쪽으로 원을 그리듯 낙차를 주며 추출하는 것이 교반에 도움이 됩니다.
",0
"수위가 80% 정도 빠지면 70g 푸어하겠습니다. 3차도, 2차와 동일하게 80g 푸어합니다.
",1
"전체 푸어가 끝난 시점은 1분 40초 이내입니다. 전체 브루잉 시간에 40 에서 50% 정도인데요.
",1
"적당한 수위의 물을 푸어해서 밸런스 좋은 결과물을 얻을 수 있습니다. 3분 20초 정도로 추출이 끝났습니다.
",1
"이 커피는 파파야 같은 풍미가 좋고요. 붉은 체리에서 느껴지는 새콤달콤함도 있어요.
",0
"그리고 후미에는 약간 카나멜과 같은 풍부한 단맛이 좋은 커피입니다.
",0
"다들 이 영상을 보시고 모두 맛있는 커피 드시면 좋겠습니다. 감사합니다.
",0
"안녕하세요, 파스텔 커피워스의 바리스타 정혜원입니다.
",0
"오늘은 파스텔 커피워스의 따뜻한 브루잉 레시피를 소개해 드리려고 하는데요.
",1
"저희 매장에서는 하리오 스위치 드리퍼를 사용해서 커피를 추출을 하고 있어요.
",1
"하리오 스위치 드리퍼 내부에는 이 쇠 구슬이 있어서 스위치를 올리셨을 때는 침지식으로 커피를 추출하실 수 있고.
",0
"처음부터 스위치를 내려서 추출을 진행하시면 투과식으로도 커피를 추출할 수 있다는 장점을 가진 드리퍼입니다.
",0
"오늘은 침지식으로 바테말라엘 소코로, 파카마라 워시드 커피를 따뜻하게 내려보도록 하겠습니다.
",0
"오늘 사용할 원두는 16.5g이고요, 분쇄도는 eK 43S 기준으로 11.17입니다.
",1
"분쇄한 커피를 담기 전에는 꼭 종이 필터를 린싱을 해주셔야 되는데요.
",0
"필터를 잘 잡어서 커피 드리퍼에 담고 물을 충분히 부어서 린싱을 해주세요.
",0
"이렇게 린싱을 하는 이유는 총 세 가지가 있습니다.
",0
"종이 필터의 냄새를 제거할 수도 있고, 또 이 드리퍼와의 열 교환을 통해서.
",0
"추출수 온도를 92도로 사용하는데, 이 92도의 온도를 떨어지지 않도록 유지하고, 이 커피 성분이 필터에 흡착되는 것을 방지할 수 있어요.
",0
"그래서 충분히 린싱을 해주시는 것을 추천드립니다.
",0
"린싱이 끝났으면 서버와 드리퍼를 다시 결합해 주시고 꼭 이 스위치를 올리셔서 확인해 주셔야 해요.
",0
"그리고 분쇄한 커피를 16.5g 담겠습니다.
",1
"분쇄한 커피를 담으신 다음에는 이 드리퍼에 담긴 커피의 표면이 평평한지 꼭 확인을 해주세요.
",0
"이때 너무 과도하게 흔드는 것보다는 두세 번 가볍게 흔들어서 평평하게 만드는 것을 추천드립니다.
",0
"92도에 물이 준비가 되어 있는지 확인을 꼭 하시고요. 저울의 영점과 타이머 영점이 꼭 맞춰져 있는지 확인을 해주세요.
",0
"그리고 다시 한번 말씀드리지만 침지식으로 커피를 추출할 거기 때문에 하리오 스위치 드리퍼의 스위치가 올라가져 있는지 꼭 확인을 해주세요.
",0
"92도의 물을 210g으로 원푸어로 진행하겠습니다.
",1
"타이머를 누르시고 저희는 물줄기 속도를 너무 얇게 가져가시거나 너무 굵게 가져가시는 것을 추천드리지 않고 있어요.
",0
"침지식으로 커피를 우리다 보니까 추출에 필요한 시간을 충분히 확보를 해주셔야 되거든요.
",0
"그래서 20초를 넘지 않으시는 것을 권장 드리고 있습니다. 1분 40초가 되면 이 나무 막대를 가지고 스터를 줄 건데요.
",1
"이 스터를 주실 때.
",0
"너무 빨리 휘저으시거나, 아니면 드리퍼 외벽면을 긁게 되시면 불쾌함, 텁텁함.
",0
"그리고 쓴맛이 같이 추출될 수 있으니 적절한 속도감을 주셔서 스터를 해주셔야 됩니다.
",0
"저희 매장에서는 바리스타들이 1초에 한 번 정도 스터를 주는 것으로 기준을 삼고 있어요, 이제 1분 40초가 되었으니 스터를 주겠습니다.
",1
"스터를 주실 때는 스위치를 내리면서 주시는 것을 꼭 잊지 말아주세요.
",1
"추출은 보통 2분 30초에서 3분 내로 완료가 됩니다.
",1
"만약에 3분을 너무 훌쩍 넘어서 추출이 완료가 된다면 분쇄들을 조금 굵게 가져가 보시는 것을 추천드려요.
",0
"물이 다 빠지면 드리퍼를 서버에서 제거하고 한번 저어주세요. 그리고 미리 예열한 잔에 담으시면 출은 완료됩니다.
",0
"오늘 추출한 커피를 마셔보겠습니다.
",0
"오늘 추출한 과테말라 엘스코로 파카마라 워시드 커피는 유귀농, 설탕 같은 단맛이 아주 잘 느껴지고요.
",0
"구운 국물에 씁쓸하고 고소한 호미가 아주 잘 이어지고 있네요. 영상 시청해 주셔서 감사합니다.
",0
"나 안녕하세요. 펠트커피 이재연입니다. 이번 소개해 드릴 레시피는 하리오 V60 을 사용한 아이스 레시피입니다.
",1
"밸런스와 클린컵을 중심으로 만들어진 레시피이며, 하리오 V60을 통한 여과식 레시피입니다.
",0
"하리오 V60같은 경우에는 타 드리퍼 대비 리브가 긴 편입니다.
",0
"이런 리브는 보다 빠른 추출 흐름을 만들어줄 수 있습니다.
",0
"이로 인해 보다 가는 분쇄도를 사용할 수 있고, 결과물은 보다 명확한 커피의 컵 노트를 확인하실 수 있습니다.
",0
"종이 필터를 접으실 때에는 이 추출 흐름을 잘 활용할 수 있도록 조금 여유를 두고 접어주시는 편이 좋습니다.
",0
"따뜻한 물로 충분히 예열해줄 수 있도록 하겠습니다.
",0
"아이스 브루잉의 경우는 얼음 100미리를 먼저 서버에 추가하도록 하겠습니다.
",1
"커피는 18.5g을 사용하며 1대 10 비율로 추출합니다.
",1
"분쇄도는 구형 eK 43 기준으로 8 생각해 주시면 되고, 800 마이크롬에서 플러스 마이너스 50 정도로 추출해 주시면 좋겠습니다.
",1
"일부를 평평하게 만들어 주실 때에는 강한 충격을 주시는 것보단 가볍게 두 번 정도 흔들어주시는 게 좋습니다.
",0
"물이 예열되었다면 추출 시작하도록 하겠습니다.
",0
"물은 95도의 온수로 추출하며 뜸은 40g, 30초 진행하도록 하겠습니다.
",1
"30초가 되었다면 물 50g을 가수해 줍니다. 그리고 55초가 되었다면 다시 한번 50g 넣어주도록 하겠습니다.
",1
"그리고 1분 15초에서 20초가 되었다면 마지막으로 50g을 넣어줍니다.
",1
"물이 다 빠질 때까지 충분히 기다려 주시고, 1분 40초에서 50초 사이가 되었을 때 추출되셨다면 완성입니다.
",1
"얼음잔에 얼음을 가득 준비해 주시고 추출된 커피는 얼음이 잘 섞일 수 있도록 섞어주신 다음에 잔에 옮겨주시면 됩니다.
",1
"2번 추출한 파나마 아브게이샤, 어네어 로빙.
",0
"네추럴 같은 경우에는 잘 숙성된 와인, 그리고 검포도에 플레이버 꿀과 같은 단맛 라인과 같은 깔끔하고 깨끗한 여운을 확인하실 수 있습니다.
",0
"감사합니다.
",0
"안녕하세요, 파스타 커피 웍스, 바리스타 정혜원입니다.
",0
"이번 영상에서는 하리오 스위치 드리퍼를 가지고 추가식으로 아이스 브르잉 레시피를 알려드리도록 하겠습니다.
",1
"이 하리오 스위치 드리퍼는요.
",0
"스위치를 올려서 처음부터 사용하게 되시면 침지식으로 커피를 추출하실 수 있지만, 처음부터 스위치를 내려서 사용하시면 투가식으로도 사용하실 수 있다는 장점이 있어요.
",0
"그래서 평소에 사용하시던 드리퍼가 하류 오 에 V 식 스티시거나 아니면 투가식으로 평소에 커피를 즐겨 드셨다면 이 레시피를 사용하시면 될 것 같습니다.
",0
"오늘 투가식 아이스 브르링 레시피에 사용할 커피는 에 TOP 아, 벤치마이 무산소 네추럴 커피입니다.
",0
"그래서 사용할 원두의 양은 총 19g이고요. 분쇄도는 2, K 43, S 기준으로 10.9입니다.
",1
"분쇄한 커피를 담기 전에 이 유리 서버에 60g의 얼음을 미리 담아주세요.
",1
"그리고 드리퍼를 올리기 전에 이 종이 필터를 넣어서 린싱을 꼭 진행을 해주세요.
",0
"이렇게 종이 필터 린싱을 하게 되면은 총 세 가지의 효과를 줄 수 있는데요.
",0
"종이 필터의 냄새를 제거할 수 있고, 드리퍼와의 열교환을 통해서 저희가 목적으로 하고 있는 92도의 추출 수의 온도가 내려가는 것을 방지할 수 있고요.
",0
"그리고 커피 성분이 필터에 흡착되는 것을 방지할 수 있습니다.
",0
"민싱이 충분히 되었다면 이제 서버와 드리퍼를 결합을 해주시고요.
",0
"투가식이기 때문에 스위치가 이번엔 내려가져 있는지 꼭 확인을 해주세요.
",0
"영 점이 잘 맞춰져 있는지, 타이머에 시간이 영 에 가에 있는지 꼭 확인을 해주세요.
",0
"분쇄한 커피 19g을 담도록 하겠습니다.
",1
"분쇄한 커피를 담은 뒤에는 드리퍼를 가볍게 흔들어서 커피 표면을 평평하게 해주세요.
",0
"이제 92도의 물을 가지고 35초 동안 40g의 물을 부어서 뜸을 들여주도록 하겠습니다.
",1
"35초가 되면은 추가적으로 60g의 물을 부어주도록 하겠습니다.
",1
"30초가 지나고 1분 5초가 되었을 때 추가적으로 60g의 물을 보어주도록 할게요, 서 160g까지 물을 후어해 주시면 됩니다.
",1
"드리퍼 안에 물이 다 빠졌으면 드리퍼를 서버에서 해치하시고, 서버에 담긴 얼음이 충분히 녹을 수 있도록 잘 저어주세요.
",1
"미리 준비한 얼음잔에 보어주시면 완성입니다.
",0
"오늘 추출한 에티오피아 벤치마지 게샤 무산소 내 추르. 커피를 마셔보도록 하겠습니다.
",0
"오늘 먹었을 때는 되게 망고나 구아바 같은 열대 과일이 떠오르고요.
",0
"그다음 자두나 포도 같은 새콤한 산미와 함께 카카오니스의 쌉쌀한 후미도 잘 느껴지고 있습니다.
",0
"오늘 영상 시청해 주셔서 감사합니다.
",0
"안녕하세요, 딥블루레이크 이철원입니다.
",0
"저희 싱글오리진 커피 캐나를 내리려고 하는데, 모든 싱글오리진 커피들은 18g에 300g 내리고요.
",1
"물 온도는 93도로 하고 있습니다.
",1
"만약에 좀 더 향이 높게 나오길 원하시면 94도의 물로 데 향을 2개시고 싶으시면 92도의 물로 추수시간 조금 더 길게 그렇게 하시면 됩니다.
",0
"처음에 커피를 내릴 때 저는 항상 커피 필터 린싱을 해줘요.
",0
"그래서 린싱을 해주는 것도 충분하게 물에 적셔서 최대한 필터가 드리퍼에 잘 달라붙게끔 그렇게 많이 합니다.
",0
"최대한 눌러서 잘 달라붙게끔 해주고요.
",0
"리브에 잘 달라붙어 있어야지만 물 흐름이 빨라지기 때문에 저는 커피 할 때 가장 중요하게 여기는 거는 시간이에요.
",0
"시간이 빨라지면 커피에 향과 산미가 살고, 시간이 길어지면 커피의 단맛이 좋아지는데.
",0
"저는 좀 향과 산미에 치중하는 편이다 보니 초기에 있는 부분은 빨리 내려갈 수 있게끔 만들려고 해요.
",0
"미분이 나올 가능성이 있기 때문에 그라인더는 털지 않고 겉에 나온 것만 담아서 씁니다.
",0
"두세 번 흔들어서 평평하게 맞춰주고요. 물 온도는 93도의 물 온도로.
",1
"처음에 뜸을 들일 때는 50 에서 60g, 첫 번째 내릴 때는 80g, 70g, 60g, 40g, 총 300g 맞춰서 내립니다.
",1
"비율은 18 에 300 이면 1대 16.6 비율 정도 돼요. 그 비율을 맞춰서 내려주시면 좋을 것 같고요.
",1
"만약에 좀 더 찐하게 드시고 싶으시면 1대 15 비율 이 정도까지 괜찮다고 생각해요.
",0
"내리는 총 시간은 3분에서 3분 30초. 그렇게 내리시면 되고요, 지금 내리겠습니다.
",1
"처음에는 뜸을 잘 들릴 수 있게끔 가늘게 고루고루 젹셔줘요. 물을 하고서 넘치지는 않게끔 그냥 거기서 끊어내면 되고요.
",0
"지금은 43g에 물을 했어요, 그러면 그다음 번에 할 때는 80g이 들어가니까 총 130g까지 맞춰서 내리시면 됩니다.
",1
"이제 10초 남았고요. 파지법이라고 있는데 그냥 저는 그냥 편안하게 내려요. 자세도 그렇게 따지지 않고요.
",0
"내릴 때는 한 방향으로 일정하게 완료를 준 상태에서 그다음에 천천히 흔들어주고요.
",0
"흔, 지금은 조금 더 많이 해서 136g 내렸어요.
",1
"처음에 와류를 주는 방법은 처음과 두 번째 와류를 주는데, 한 방향으로 10 자가를 해놓고 그 방향보다는 조금 아래쪽으로 네 잡아서 일정량이 세게 부어줍니다.
",0
"그리고 나서 두 번째 내릴 때는 1분이 됐을 때 내려주는데 물이 다 내려가기 전에 세게 부어주고요.
",0
"똑같은 방향으로 그다음에 흔들어서 흔 200g을 맞춰주면 됩니다.
",1
"예, 항상 물 수위는 여기서 보이시겠지만, 일정하게 그 하리오의 처음 부분에서 올라가지 않아요.
",0
"물 수위을 제 브레잉 방법의 인제 특이점이라고 한다면 물 수위를.
",0
"일정 양에서 더 이상 올라가지 않은 상태에서 계속 내려주는 거.
",0
"그다음에 60g 6 그러면 되고 2분이 됐을 때 마지막 300g을 채워주시면 돼요.
",1
"그리고 나서 물 흐름이 어떤 애는 좀 빨라지고 어떤 애는 좀 느려지고 하는데 그런 것들은 그냥 감안해서 드시면 될 것 같습니다.
",0
"만약에 좀 더 느리게 나오게끔 하시고 싶으시면 브루잉 타임을 좀 더 길게 가져가시게끔 그렇게 하시면 됩니다.
",0
"그 마찬가지로 2분이 되었을 때 간단하게 세 번째, 네 번째 하실 때는 물줄기를 굵게 하시지 말고 최대한 가늘게 하셔서 내려주시면 됩니다.
",0
"딥블루레이크 브루잉 방법은 누구나 다 편안하게 내릴 수 있게끔 그렇게 만드는 게 목적이었어요.
",0
"물론 이 안에서도 내리시는 방법에 따라서 조금씩 다 달라지시긴 하는 것 같아요.
",0
"만약에 첫 번째와 두 번째 와류 주시는 게 힘드시다면 가늘게 하셔도 상관없어요.
",0
"그러면은 앞부분에 있는 과즙 같은 리앙스는 좀 약해지긴 하는데, 그래도 상관없습니다.
",0
"대략 지금 물이 거의 다 떨어지고 있는데, 이 커피는 생각보다 물 흐름이 좀 빠른 것 같아요.
",0
"그래서 생각했을 때 산미나 향 톤이 좀 더 강하게 나오지 않을까? 그리고 위에 있는 고인 게 다 빠지면 그때 빼주시면 되고요.
",0
"대략적으로 3분을 채웠어요. 보통 브르잉은 3분에서 3분 30초 정도 내리시면 됩니다. 어떤지 먹어볼까요?
",1
"드실 때 방법은 저 같은 경우는 향을 먼저 중시하기 때문에 흔들어서 흔코리 맡아서 한번 내림새를 맡아 보시고 그다음에 잔에다 따라서 드시면 됩니다.
",0
"그냥 한 번에 드시는 것보다는 처음에 입안에 먹금 고서 골르시면 돼요.
",0
"커피 한 잔 드시면서 지친 일상에서 잠깐 여유를 가지시고 즐기시기 바라면서 오늘 하도 좋은 하루 되세요, 감사합니다.
",0
"안녕하세요, 디플레이크 이철원입니다.
",0
"저희 싱글로이징 커피 캐나를 내리려고 하는데, 모든 싱글로이징 커피들은 18g에 300g 내리고요.
",1
"물 온도는 93도로 하고 있습니다.
",1
"만약에 좀 더 향이 높게 나오길 원하시면 94도의 물로 데 향을 2개시고 싶으시면 92도의 물로 추수시간 조금 더 길게 그렇게 하시면 됩니다.
",0
"처음에 커피를 내릴 때 저는 항상 커피 필터 린싱을 해줘요.
",0
"그래서 린싱을 해주는 것도 충분하게 물에 적셔서 최대한 필터가 드리퍼에 잘 달라붙게끔 그렇게 많이 합니다.
",0
"최대한 눌러서 잘 달라붙게끔 해주고요.
",0
"리더에 잘 달라붙어 있어야지만 물 흐름이 빨라지기 때문에 저는 커피 할 때 가장 중요하게 여기는 거는 시간이에요.
",0
"시간이 빨라지면 커피에 향과 산미가 살고, 시간이 길어지면 커피의 단맛이 좋아지는데.
",0
"저는 좀 향과 산미에 치중하는 편이다 보니 초기에 있는 부분은 빨리 내려갈 수 있게끔 만들려고 해요.
",0
"미분이 나올 가능성이 있기 때문에 그라인더는 설지 않고 겉에 나온 것만 담아서 씁니다.
",0
"두세 번 흔들어서 평평하게 맞춰주고요. 물 온도는 93도의 물 온도로.
",1
"처음에 뜸을 들일 때는 50 에서 60g, 첫 번째 내릴 때는 80g, 70g, 60g, 40g, 총 300g 맞춰서 내립니다.
",1
"비율은 18 에 300 이면 1대 16.6 비율 정도 돼요. 그 비율을 맞춰서 내려주시면 좋을 것 같고요.
",1
"만약에 좀 더 찐하게 드시고 싶으시면 1대 15 비율 이 정도까지 괜찮다고 생각해요.
",0
"내리는 총 시간은 3분에서 3분 30초. 그렇게 내리시면 되고요, 지금 내리겠습니다.
",1
"처음에는 뜸을 잘 들릴 수 있게끔 가늘게 고루고루 접시 줘요. 물을 하고서 넘치지는 않게끔 그냥 거기서 끊어내면 되고요.
",0
"지금은 43g에 물을 했어요, 그러면 그다음 번에 할 때는 80g이 들어가니까 총 130g까지 맞춰서 내리시면 됩니다.
",1
"이제 10초 남았고요. 파지법이라고 있는데 그냥 저는 그냥 편안하게 내려요. 자세도 그렇게 따지지 않고요.
",0
"내릴 때는 한 방향으로 일정하게 완료를 준 상태에서 그다음에 천천히 흔들어주고요.
",0
"흔, 지금은 조금 더 많이 해서 136g 내렸어요.
",1
"처음에 와류를 주는 방법은 처음과 두 번째 와류를 주는데, 한 방향으로 10 자가를 해놓고 그 방향보다는 조금 아래쪽으로 네 잡아서 일정량이 세게 구어줍니다.
",0
"그리고 나서 두 번째 내릴 때는 1분이 됐을 때 내려주는데 물이 다 내려가기 전에 세게 부어주고요.
",1
"똑같은 방향으로 그다음에 흔들어서 흔 200g을 맞춰주면 됩니다.
",1
"예, 항상 물 수위는 여기서 보이시겠지만, 일정하게 그 하리오의 처음 부분에서 올라가지 않아요.
",0
"물 수위을 제 브레잉 방법의 인제 특이점이라고 한다면 물 수위를.
",0
"일정 양에서 더 이상 올라가지 않은 상태에서 계속 내려주는 거.
",0
"그다음에 60g 6 그러면 되고 2분이 됐을 때 마지막 300g을 채워주시면 돼요.
",1
"그리고 나서 물 흐름이 어떤 애는 좀 빨라지고 어떤 애는 좀 느려지고 하는데 그런 것들은 그냥 감안해서 드시면 될 것 같습니다.
",0
"만약에 좀 더 느리게 나오게끔 하시고 싶으시면 브리링 타임을 좀 더 길게 가져가시게끔 그렇게 하시면 됩니다.
",0
"그 마찬가지로 2분이 되었을 때 간단하게 세 번째, 네 번째 하실 때는 물줄기를 굵게 하시지 말고 최대한 가늘게 하셔서 내려주시면 됩니다.
",0
"딥플레이크 브레잉 방법은 누구나 다 편안하게 내릴 수 있게끔 그렇게 만드는 게 목적이었어요.
",0
"물론 이 안에서도 내리시는 방법에 따라서 조금씩 다 달라지시긴 하는 것 같아요.
",0
"만약에 첫 번째와 두 번째 와료 주시는 게 힘드시다면 가늘게 하셔도 상관없어요.
",0
"그러면은 앞부분에 있는 과즙 같은 리앙스는 좀 약해지긴 하는데, 그래도 상관없습니다.
",0
"대략 지금 물이 거의 다 떨어지고 있는데, 이 커피는 생각보다 물 흐름이 좀 빠른 것 같아요.
",0
"그래서 생각했을 때 산미나 향 톤이 좀 더 강하게 나오지 않을까? 그리고 위에 있는 고인 게 다 빠지면 그때 빼주시면 되고요.
",0
"대략적으로 3분을 채웠어요. 보통 브르잉은 3분에서 3분 30초 정도 내리시면 됩니다. 어떤지 먹어볼까요?
",1
"드실 때 방법은 저 같은 경우는 향을 먼저 중시하기 때문에 흔들어서 흔코리 맡아서 한번 내림새를 맡아 보시고 그다음에 잔에다 따라서 드시면 됩니다.
",0
"그냥 한 번에 드시는 것보다는 처음에 입안에 먹금 고서 골르시면 돼요.
",0
"커피 한 잔 드시면서 지친 일상에서 잠깐 여유를 가지시고 즐기시기 바라면서 오늘 하도 좋은 하루 되세요, 감사합니다.
",0
